"","SP_ID","Int_Name","PA_type","PA_DEF","IUCN_CAT","RealmNr","Biodiversity","Wilderness","ClimateStability","LandUseStability","Size","ClimateProtection"
"2",1016,"Área Natural de Manejo Integrado San Matías","KBA",NA,NA,6,0.293909508677199,0.481175874735077,0.795450263062841,0.679720938803719,0.888801129374591,0.244907880080322
"6",1351,"Abra Patricia - Alto Mayo","KBA",NA,NA,6,0.710056782827998,0.826129826887831,0.691595059715831,0.381573207997492,0.58533176556622,0.732024862636121
"16",267,"Aguaro-Guariquito",NA,1,"II",6,0.275283413755678,0.443142911080146,0.789980392890782,0.859499102145116,0.653061879245617,0.0926753811548989
"27",307,"Alberto De Agostini",NA,1,"II",6,0.0143134809023346,0.853891852429501,0.52333950448772,NA,0.749577253856493,0.336532978773934
"35",740,"Alto Juruá","KBA",NA,NA,6,0.429480233963359,0.94104674234078,0.726642151433873,0.802490481474379,0.641881679944341,0.885433303071325
"36",335,"Alto Purus",NA,1,"II",6,0.477512168229162,0.989212034842751,0.635765584094174,0.695307265612689,0.852696680079899,0.865124028317525
"37",766,"Alto Rio Juruena","KBA",NA,NA,6,0.321462025335931,0.408867890062493,0.670920700533746,0.733432180121785,0.71384182294139,0.30680690689389
"66",697,"Atitlan","KBA",NA,NA,6,0.518055887539289,0.457183328491783,0.686442990056799,0.484929005951381,0.550831679671392,0.250633803075745
"70",761,"Aurora do Tocantins / Taguatinga","KBA",NA,NA,6,0.231850707129355,0.25737633293533,0.710655783624033,0.665991417387687,0.590936237905412,0.238853779615371
"76",499,"Azul Meámbar",NA,1,"II",6,0.383766947819385,0.854618575966808,0.568243594104992,0.739289634738031,0.252240421435224,0.252879727877991
"77",1042,"Bañado La Estrella Este","KBA",NA,NA,6,0.157720945278825,0.595638863147009,0.422706701520834,0.697673119803789,0.548433137947524,0.260230625574138
"78",1043,"Bañado La Estrella Oeste","KBA",NA,NA,6,0.179418151726939,0.565476849603509,0.405627235222649,0.796538262477989,0.506592064794216,0.235416974870173
"79",1053,"Bañados del Río Atuel","KBA",NA,NA,6,0.0414629102204105,0.598678541320411,0.511646121435741,0.160565451734689,0.740980238127483,0.0106883788914531
"88",337,"Bahuaja - Sonene",NA,1,"II",6,0.613561915646191,0.812536828008796,0.87328524002879,0.695032871129279,0.738917632821732,0.653972316868854
"91",746,"Baixada Maranhense","KBA",NA,NA,6,0.28147593287387,0.642901157148908,0.809435238473294,0.757313922579346,0.824808137106933,0.209421502291297
"92",754,"Baixo Rio Xingu","KBA",NA,NA,6,0.359426446986313,0.665447440127116,0.548992513385275,0.83762513582959,0.661866623036049,0.591850848941746
"93",1010,"Bajo Río Beni, Región Tacana","KBA",NA,NA,6,0.347098497749006,0.631370382486649,0.728317595949963,0.839591944260828,0.627230095138363,0.340822437538854
"94",1059,"Bajos Submeridionales","KBA",NA,NA,6,0.112956513619874,0.276192507018308,0.614714543332721,0.524398543259355,0.786085962329624,0.0769659598611298
"95",773,"Bakhuys mountains","KBA",NA,NA,6,0.398490506252517,0.985606399179033,0.825892584586871,0.862042863423263,0.647741567863414,0.975375595482641
"107",747,"Barragem de Boa Esperança","KBA",NA,NA,6,0.240377090409565,0.610056127545092,0.773437091201867,0.832937898233909,0.552751872206389,0.264893674920575
"114",309,"Bernardo O'Higgins",NA,1,"II",6,0.117257506689668,0.785770430673634,0.4863781792358,0.928363306435042,0.912044134835437,0.367362643415093
"116",1265,"Between Balsa Puerto and Moyabamba","KBA",NA,NA,6,0.633144159157619,0.828900529649496,0.728294883846424,0.511387116797841,0.523310904248795,0.697166552500585
"121",917,"Big Cypress Swamp Watershed","KBA",NA,NA,6,0.0546696742526289,0.559470333491379,0.651544988111927,0.531591392153763,0.629338162053235,0.113843842364735
"138",701,"Bosawas","KBA",NA,NA,6,0.337957753419702,0.697361163498726,0.45646953870781,0.824328530870785,0.691587293964945,0.358712707607596
"139",1352,"Bosques Secos del Valle del Río Chicamocha","KBA",NA,NA,6,0.587245983805672,0.479462759672481,0.872978833590882,0.847233832249741,0.576633125155422,0.451402099236862
"160",27,"Calakmul",NA,1,"Ia",6,0.190782971900331,0.870228614560907,0.786402943441693,0.779436040346074,0.535797924633027,0.29344106625324
"161",1036,"Caldenal del Sudoeste  de Buenos Aires","KBA",NA,NA,6,0.0410095132592813,0.247319063314362,0.559696166511121,0.425023364761062,0.551757091321773,0.0907840155618364
"163",691,"Campos de Cima da Serra","KBA",NA,NA,6,0.36095538843848,0.480811944223992,0.786179287947075,0.282867325012489,0.618035443800212,0.19142106283657
"164",750,"Campos do Encanto","KBA",NA,NA,6,0.283996377015546,0.115353192760833,0.790781355215309,0.717480868527079,0.549470644929575,0.211009532879138
"165",690,"Campos do Planalto das Araucárias","KBA",NA,NA,6,0.318417210555726,0.510109673467775,0.829351500341199,0.27767895724987,0.647638892795813,0.209559119838072
"166",260,"Canaima",NA,1,"II",6,0.615628478657394,0.760480593858413,0.889777445870186,0.850972422191752,0.87874810340798,0.679763986381533
"170",700,"Caribbean lowlands and wetlands","KBA",NA,NA,6,0.750635351729814,0.77912244826605,0.809183476183459,0.746927785570798,0.607008780007881,0.328829572203995
"174",1269,"Carpish","KBA",NA,NA,6,0.583880858260865,0.658061774527143,0.672442692530492,0.541715706710062,0.520162565104691,0.413382060689421
"175",1350,"Caruachi","KBA",NA,NA,6,0.317928197854735,0.560905487965428,0.752038906862483,0.865346642874592,0.70814083229508,0.294114408637728
"178",755,"Caxiuanã / Portel","KBA",NA,NA,6,0.399111815983065,0.790802559078983,0.66309921368194,0.828323283383896,0.895367954150445,0.763050913161267
"179",1270,"Cayambe-Coca Ecological Reserve and surrounding a*","KBA",NA,NA,6,0.998832751990668,0.567706877374139,0.93457629429927,0.833483468790683,0.595715843039464,0.661630740637863
"191",244,"Central Suriname",NA,1,"II",6,0.419912392434607,0.987673564364088,0.889966428958252,0.861902163844843,0.747060366283479,1
"194",651,"Centro de Veracruz","KBA",NA,NA,6,0.531009937112596,0.444837595881083,0.905184157182067,0.0242800312099675,0.697987908800445,0.115087739317433
"195",762,"Cerrados do Nordeste de Tocantins","KBA",NA,NA,6,0.275486167849357,0.493326908175336,0.725099943573624,0.759221612410747,0.762294028245514,0.176852735096384
"203",1331,"Chapada do Araripe","KBA",NA,NA,6,0.235619093684236,0.420491851691792,0.799822283416882,0.830517985941077,0.599391697652623,0.137337776797453
"214",1272,"Ciénaga de Zapata","KBA",NA,NA,6,0.230523880873721,0.607679488188882,0.58016722205186,0.541968474094652,0.639459186597952,0.091262600935565
"215",1334,"Ciénaga Grande, Isla de Salamanca and Sabana Gran","KBA",NA,NA,6,0.418237993559402,0.342042692760722,0.47503568195403,0.893995206773216,0.536969962594382,0.212364399254224
"216",271,"Ciénagas del Catatumbo",NA,1,"II",6,0.29980451733166,0.647500338171288,0.783073354679794,0.817970780197097,0.482839479016394,0.288292621199515
"217",264,"Cinaruco-Capanaparo",NA,1,"II",6,0.301118544037676,0.467515316669853,0.804879623346211,0.864848341734316,0.671784717986093,0.136185918437268
"224",1071,"Complejo de Humedales Costeros de la Guajira","KBA",NA,NA,6,0.31036912901308,0.549580691864245,0.693741264611388,0.847081382973815,0.517781852113151,0.0685035030125197
"225",285,"Complejo de Humedales Cuyabeno Lagartococha Yasuní",NA,1,"II",6,0.507255935572973,0.902326030664769,0.827292425787526,0.833078350002744,0.69108493599999,0.845045036339762
"228",1273,"Coquimbo desert scrub","KBA",NA,NA,6,0.0453405919312869,0.311245666097058,0.625166635051759,0.812367102476394,0.614396486256341,0.0244022752380117
"229",305,"Corcovado",NA,1,"II",6,0.047582488201518,0.751218198640575,0.701847197783868,0.799515087731869,0.559028339868332,0.736586085414757
"230",336,"Cordillera Azul",NA,1,"II",6,0.595524403715721,0.865293248697807,0.770698025456262,0.672592043192583,0.76830979669255,0.742487252368596
"231",507,"Cordillera de los Picachos",NA,1,"II",6,0.48833008481839,0.663075659768847,0.841481926857752,0.881324657023013,0.556011630567267,0.65234230104987
"232",1081,"Cordillera del Cóndor","KBA",NA,NA,6,0.709326588071889,0.760764838529739,0.875263475811438,0.420801333011283,0.538468091086558,0.801494819594336
"233",1276,"Cosolapa, Acatlan, Tepexic","KBA",NA,NA,6,0.554204708137248,0.611704940209659,0.850223948300228,0.0213167636040257,0.537629240508976,0.1589955180743
"234",1068,"Cotahuasi","KBA",NA,NA,6,0.0765504501534937,0.571662485498123,0.792040195747954,0.70838156832118,0.629092223488357,0.0207001289799661
"235",1034,"Cotapata","KBA",NA,NA,6,0.581156728241477,0.630617284025264,0.765166121509425,0.793786409661931,0.556821323119742,0.362683974674664
"239",1299,"Cuchumatanes","KBA",NA,NA,6,0.587264921075323,0.701449390846076,0.804426953484041,0.562712275748098,0.56149268188051,0.328979128238059
"241",1048,"Cuenca del río Aguapey","KBA",NA,NA,6,0.189350668228047,0.283011380174491,0.553438030955754,0.551495039584347,0.524590399408791,0.0958127493909019
"242",1038,"Cuenca del Río Salado","KBA",NA,NA,6,0.0682768504947964,0,0.71627100832925,0.326500943441428,0.800761273139905,0.0488580173668686
"243",1277,"Cuenca Río Nanay","KBA",NA,NA,6,0.504207570424816,0.935088092626747,0.77345523576372,0.862823873754269,0.590643497202952,0.849680591043722
"244",1009,"Cuencas de Ríos Caine y Mizque","KBA",NA,NA,6,0.439083317473645,0.542425637134388,0.844768504556021,0.810875381900752,0.591695384180864,0.153776125094634
"262",233,"Darién",NA,1,"II",6,0.650076855568465,0.745847984310092,0.718483804247903,0.853867637977975,0.649340396125188,0.464622392657338
"266",333,"de Cutervo",NA,1,"II",6,0.43171798204532,0.4386375982198,0.698513349014758,0.388167599847877,0.0690899136420162,0.302753464783065
"268",283,"Defensores del Chaco",NA,1,"II",6,0.175258986371319,0.361023120792434,0.766068050444623,0.759594997866732,0.681738248301112,0.283732357766025
"269",331,"del Manu",NA,1,"II",6,0.71059365297174,0.910115945073057,0.801701483548811,0.566924025866762,0.799334569201782,0.836043170445156
"270",318,"del Río Abiseo",NA,1,"II",6,0.533740655578097,0.730785633381559,0.676207490960998,0.608218450572515,0.549670372418544,0.484213738157162
"272",748,"Delta do Parnaíba","KBA",NA,NA,6,0.150202664154949,0.628995999831561,0.860212178057365,0.826040359988287,0.517678499615784,0.163463718192161
"291",1060,"Dorso Occidental Subhúmedo de Santa Fe","KBA",NA,NA,6,0.0946645267014833,0.22981132650139,0.552740902896105,0.426724085261761,0.63075325740092,0.0803037440563112
"295",261,"Duida-Marahuaca",NA,1,"II",6,0.510998187686487,0.964021818722028,0.796433388233153,0.862209508417953,0.503049813931114,0.806258164617301
"297",1280,"Dunas e Veredas do Baixo Médio São Francisco","KBA",NA,NA,6,0.246457681192223,0.561730973391996,0.582591711216332,0.814136354200074,0.730148240534909,0.251155834351932
"314",718,"Eastern Wetlands","KBA",NA,NA,6,0.12797284376492,0.179471296845723,0.529192637836402,0.679767758530791,0.711585501226656,0.0611994302960224
"317",1281,"El Cielo","KBA",NA,NA,6,0.302465030177299,0.678807574838621,0.873914374067631,0.772740924495437,0.52406057257874,0.139605310233913
"318",503,"El Cocuy",NA,1,"II",6,0.465518168691738,0.563827215839861,0.84393336788428,0.848952525425034,0.564434291176452,0.418367305591462
"319",1282,"El Colorado","KBA",NA,NA,6,0.179059161470505,0.303103845832327,0.632004201205223,0.35825220348081,0.524311610490867,0.192613965204419
"324",725,"El Tapado Grasslands","KBA",NA,NA,6,0.100980498126237,0.116711120995008,0.458880888419084,0.765912627343957,0.589433582660714,0.0431114211664794
"331",178,"Environmental Protection Area of Cananéia-Iguape-Peruíbe",NA,1,"II",6,0.478614474454281,0.663203791292375,0.908366373556095,0.452448497382342,0.507676934384687,0.337390477726132
"335",53,"Estação Ecológica Alto Maués",NA,1,"Ia",6,0.34020320681729,0.994265247600221,0.729034990142077,0.861427581325003,0.671267532763928,0.856041084087144
"336",57,"Estação Ecológica Da Terra Do Meio",NA,1,"Ia",6,0.332555166938427,0.959014032058553,0.69712128378842,0.856032391647676,0.893342142532614,0.712954820676217
"337",47,"Estação Ecológica De Jutaí-Solimões",NA,1,"Ia",6,0.368768782547739,0.949232676511406,0.612053884793494,0.862419408585664,0.557077503059833,0.819798333867694
"338",46,"Estação Ecológica De Niquiá",NA,1,"Ia",6,0.313060818799737,0.895091966358975,0.718237992571984,0.846650270050417,0.564844052977671,0.736528546493852
"339",689,"Estação Ecológica de Uruçuí-Una","KBA",NA,NA,6,0.205874769305722,0.545074719112208,0.700667401858618,0.827857837109864,0.508733105264366,0.137250343809044
"340",49,"Estação Ecológica Do Grão Pará",NA,1,"Ia",6,0.374288310034529,0.977004415283019,0.730229705119364,0.858060355184086,0.923509919357709,0.94537156285919
"341",59,"Estação Ecológica Do Jari",NA,1,"Ia",6,0.330186822981303,0.91802783796935,0.681038799068471,0.856611096710322,0.526226977048962,0.881498511692572
"342",58,"Estação Ecológica Juami-Japurá",NA,1,"Ia",6,0.36600353234611,0.967662900072463,0.712709027166904,0.862483904211663,0.701576340083165,0.755338991558306
"343",45,"Estacao Ecologica Serra Geral Do Tocantins",NA,1,"Ia",6,0.244732553808478,0.343382008509711,0.669413483172701,0.753929408474545,0.679311694572119,0.0806025743160636
"344",1033,"Este de Río Mamoré","KBA",NA,NA,6,0.317326679517322,0.261108680652467,0.768363765395763,0.857100016931094,0.690219806887252,0.143301605918446
"345",1037,"Estepas arbustivas del Sur de Buenos Aires","KBA",NA,NA,6,0.011396536980377,0.251368145040102,0.554535218447284,0.807669685062257,0.520245312222404,0.0283500815370552
"348",1045,"Extensión Límite Este y Sur del Parque Nacional","KBA",NA,NA,6,0.21784976023156,0.449403520295794,0.708888280146507,0.889955291564898,0.660739659734792,0.38473341813009
"352",1284,"Farallones de Cali Natural National Park","KBA",NA,NA,6,0.754300395753775,0.460006731953174,0.806951409341814,0.857838710455034,0.510217459958306,0.627061308493769
"365",339,"Güeppi-Sekime",NA,1,"II",6,0.446599638991305,0.923570376212692,0.739294821250317,0.853580278703556,0.508993686893299,0.856723354437266
"393",684,"Golfo de los Mosquitos Forests","KBA",NA,NA,6,0.555908818237785,0.756618853355857,0.791057279989778,0.828726894584624,0.507246828307724,0.358055151999527
"404",1078,"Gran Yasuní","KBA",NA,NA,6,0.594720894429936,0.915548743649046,0.856865112788193,0.815626949430691,0.79394755443633,0.826239918831055
"419",696,"Guatemalan Caribbean Slope","KBA",NA,NA,6,0.568108737305266,0.591909337888621,0.790371965378752,0.634440237313722,0.621561306428888,0.244892197465669
"424",353,"Guyane (Parc Amazonien)",NA,1,"II",6,0.398797280269107,1,0.8808890241474,0.861517056380933,0.823257019714459,0.949290888016763
"448",332,"Huascarán",NA,1,"II",6,0.283977389408018,0.64108894671081,0.575166770636419,0.655506337409605,0.578916341825241,0.0775134587206342
"449",1287,"Huasco-Totoral coastal hills","KBA",NA,NA,6,0.0199374135027765,0.576687786892535,0.64416747900987,0.834436740228106,0.53488686431872,0.00470181608020052
"458",688,"Ilhéus / Itabuna","KBA",NA,NA,6,0.442452878841737,0.566189310093817,0.832842075158827,0.736644168588283,0.53261401065656,0.270854688884778
"459",756,"Ilha de Marajó","KBA",NA,NA,6,0.371667721370824,0.793818873090555,0.799700562844742,0.829148069742908,0.913591043896394,0.57362050053949
"464",704,"Indio Maíz","KBA",NA,NA,6,0.550945292409814,0.725498238862867,0.780720805095804,0.748671767867023,0.571068649755702,0.363779089550718
"467",764,"Interflúvio dos Rios Tocantins e Paranã","KBA",NA,NA,6,0.251015127196782,0.343352494381962,0.704618921193978,0.729213687871739,0.624144452704655,0.236743008197033
"481",759,"Jamari","KBA",NA,NA,6,0.357844461620985,0.540219909056166,0.816004960527585,0.785515606194629,0.690991459003751,0.680166147990516
"485",263,"Jaua Sarisariñama",NA,1,"II",6,0.401030447234404,0.918763587958969,0.834671729975202,0.862138928217313,0.542959872413191,0.755237501213412
"495",1021,"KAA-IYA del Gran Chaco","KBA",NA,NA,6,0.300962993484126,0.521428700567806,0.818583877015872,0.717616946430819,0.887308308038896,0.342806693067656
"496",774,"Kabalebo / Arapahu","KBA",NA,NA,6,0.401340997601684,0.994648619570472,0.774050051129919,0.863585247966522,0.798092901652771,0.998558494982157
"584",1047,"La Fidelidad","KBA",NA,NA,6,0.192525987016022,0.615710415882627,0.540573118602741,0.758058778474312,0.512832663159191,0.25328261377629
"585",22,"La Payunia",NA,1,"Ia",6,0.0690852915798549,0.529046111904012,0.774974867668905,0.233492966049707,0.673956047550439,0.00434354473272247
"589",695,"Lachuá - Ik'bolay","KBA",NA,NA,6,0.477902374473647,0.444351261137648,0.729068389839078,0.488136681254473,0.513989905922245,0.320792610221315
"590",1052,"Lago La Plata - Fontana","KBA",NA,NA,6,0.0861951431926384,0.39483114546715,0.710868829244811,0.92379723457211,0.530178403076198,0.298217822917962
"591",1014,"Lago Poopó y Río Laka Jahuira","KBA",NA,NA,6,0.0589405732853189,0.636854543283233,0.516323266193798,0.843256273092087,0.544076161247323,0.00947416785706969
"592",1343,"Lago Titicaca (Sector Boliviano)","KBA",NA,NA,6,0.260914747830037,0.547143999971311,0.624495118591162,0.732517955222763,0.602088443749379,0.0417153413273124
"593",1069,"Laguna de los Cóndores","KBA",NA,NA,6,0.59288470086232,0.752593050595291,0.766878760329051,0.60001946686449,0.546045220088607,0.505432905559197
"594",310,"Laguna San Rafael",NA,1,"II",6,0.0751201321242367,0.786718706562161,0.531881941208937,0.839082660401273,0.798014191328283,0.49236790984051
"595",1011,"Lagunas de Agua Dulce del Sureste de Potosí","KBA",NA,NA,6,0.0548436610210533,0.785186213135107,0.708360211958236,0.856483291241205,0.580850446079663,0.00160653862500493
"596",1028,"Lagunas Rogaguado y Ginebra","KBA",NA,NA,6,0.332730645171137,0.3455714417521,0.693787207746586,0.87344399620495,0.579517420746535,0.135406098383231
"597",1012,"Lagunas Salinas del Suroeste de Potosí","KBA",NA,NA,6,0.206522493792109,0.806876495312068,0.69023391727726,0.857557767895492,0.673626261066991,0.00161808250662403
"615",340,"Lanín",NA,1,"II",6,0.104695605937801,0.610478582890813,0.700380133062187,0.702743900481106,0.517635834458099,0.568084388340636
"634",784,"Lizarda","KBA",NA,NA,6,0.24160209751691,0.453754052663393,0.648467666859396,0.781190490270141,0.58270180921819,0.120745032188777
"635",311,"Llullaillaco",NA,1,"II",6,0.0103846977456665,0.765185940724353,0.572389076602921,0.819734727824562,0.546240531393818,0
"646",1015,"Loreto","KBA",NA,NA,6,0.320555308237208,0.303268082164545,0.71971830255291,0.824473214863264,0.635173785783452,0.288150889328573
"647",533,"Los Glaciares National Park",NA,1,"Not Applicable",6,0.0860960195814952,0.664060162051817,0.542630067328577,0.991449939429035,0.680676727055039,0.255200487816204
"665",1055,"Luracatao y Valles Calchaquíes","KBA",NA,NA,6,0.109175375550308,0.66150026227733,0.817670062007911,0.635684076613116,0.560212442273095,0.0287264761616829
"667",693,"Médio Rio Camaquã","KBA",NA,NA,6,0.14661755767068,0.353971812241344,0.523954404486274,0.437673210262246,0.596456455606759,0.197825402545339
"672",NA,"Madidi",NA,1,"Not Reported",6,0.632463581011454,0.785826899407573,0.864353247040984,0.746149056847603,0.760139530744045,0.640055840652031
"688",743,"Mamirauá","KBA",NA,NA,6,0.404911770211158,0.936071077802053,0.724162630338489,0.861930846432331,0.764487008002382,0.776638538144211
"691",1076,"Manglares del golfo de Guayaquil","KBA",NA,NA,6,0.477321577651829,0.576135689063395,0.712897490769694,0.849895275357056,0.516745336766029,0.279645768892807
"694",331,"Manu Alto Purus",NA,1,"II",6,0.680888418204725,0.956834997532313,0.714295372048931,0.64199307782479,0.923527922328085,0.853063199418835
"697",1295,"Mar Muerto - Pereyra","KBA",NA,NA,6,0.470999532874878,0.537799766655868,0.783968976107166,0.749769867160802,0.64255741337222,0.151337943042889
"699",272,"Mariusa",NA,1,"II",6,0.218519781716413,0.767193840024842,0.657038423990901,0.860046961998346,0.560366410200823,0.797757920526929
"707",694,"Maya - Lacandón","KBA",NA,NA,6,0.289282859654936,0.539271806285814,0.9146679110484,0.734407536387865,0.827757589761798,0.277195150294535
"708",714,"Maya Mountains and southern reserves","KBA",NA,NA,6,0.316739547757844,0.661400587267547,0.891153461348973,0.693748486598948,0.666262435247851,0.283711413638547
"712",284,"Medanos del Chaco",NA,1,"II",6,0.190755777839161,0.45721773333797,0.73063367696616,0.785784811655499,0.657832155944793,0.263774072648022
"715",1297,"Meseta de Somuncura Provincial Natural Protected *","KBA",NA,NA,6,0.124001625933864,0.295453683898554,0.535981404423007,0.95856791792869,0.834208635249293,0.00596691076151991
"738",1006,"Monumento Natural Cerro Urutaní","KBA",NA,NA,6,0.325676578726538,0.961401633765119,0.838513418603647,0.860240482231693,0.538886672513246,0.826484025984924
"774",319,"Nahuel Huapi",NA,1,"II",6,0.19316897923069,0.638071899455105,0.725463851905924,0.819996477178377,0.625048858145158,0.69407273552308
"804",699,"Nicoya Peninsula","KBA",NA,NA,6,0.408156037855181,0.507117396073341,0.671868948647748,0.718805406428751,0.563837847741917,0.324606847300475
"811",511,"Noel Kempff Mercado National Park",NA,1,"Not Applicable",6,0.381767340686429,0.642298567213137,0.818433527450374,0.775969549343758,0.792112266891336,0.351643408721687
"813",1309,"North ""Quebradas"" and grasslands","KBA",NA,NA,6,0.125261261477698,0.535034995666526,0.471694023045015,0.785231706020284,0.655402086218978,0.0584131235305331
"821",775,"North-West Suriname","KBA",NA,NA,6,0.365669459029675,0.911328123934287,0.823394115951724,0.867038215231073,0.543037247770299,0.852169002291387
"827",715,"Northeastern Belize","KBA",NA,NA,6,0.242121323621444,0.668627445872621,0.801294358975942,0.79212889811714,0.527299042947132,0.163595349436269
"829",965,"Northern Everglades","KBA",NA,NA,6,0.062006052785952,0.215572678412345,0.634645675782938,0.495707604858384,0.603099129513059,0.12549472553916
"849",1032,"Oeste de Río Mamoré","KBA",NA,NA,6,0.36506189762062,0.286686069673921,0.773030365819704,0.859637333940642,0.739955954289191,0.11008327905187
"864",338,"Otishi",NA,1,"II",6,0.590627934724065,0.885415030971558,0.702579051646997,0.31733049591792,0.564611013708626,0.838594988330299
"865",1031,"Otuquis Integrated Management Natural Area","KBA",NA,NA,6,0.246342639356859,0.465438902338115,0.81303999759207,0.624661689761808,0.722173335628282,0.263664088755531
"876",752,"Pantanal de Nabileque","KBA",NA,NA,6,0.216390321009216,0.345889234486124,0.829228682368798,0.517229446755719,0.622717057103575,0.136967811177513
"877",509,"Paramillo",NA,1,"II",6,0.5785655393735,0.650113330232533,0.766086071919237,0.882841638340881,0.632632856162922,0.504760456323248
"885",265,"Parima-Tapirapecó",NA,1,"II",6,0.480933247723981,0.997269482196608,0.80359536632055,0.862070952859178,0.908980119875357,0.771684288913566
"886",413,"Parque Estadual Chandless",NA,1,"II",6,0.413600514902235,0.966984905015055,0.652551445450461,0.860329955431114,0.676875989860378,0.75349690294224
"887",420,"Parque Estadual Da Serra Do Mar",NA,1,"II",6,0.627285531973233,0.37020075496044,1,0.460642617892279,0.571476140514888,0.331813943192539
"888",410,"Parque Estadual De Corumbiara",NA,1,"II",6,0.348132195253114,0.672385002096921,0.77694045191659,0.771871895472568,0.594322856355415,0.362513914451614
"889",408,"Parque Estadual De Guajará-Mirim",NA,1,"II",6,0.339189691784429,0.6877122554249,0.766221032936537,0.823253906568292,0.509778362143408,0.712107990936969
"890",435,"Parque Estadual Do Araguaiaa",NA,1,"II",6,0.267233333249373,0.486481122961933,0.757205580058434,0.794198332937338,0.525435149761086,0.13803784246012
"891",409,"Parque Estadual Do Matupiri",NA,1,"II",6,0.361083396727281,0.905626585102342,0.77101744217129,0.862141721312171,0.634506012820927,0.839582655751385
"892",428,"Parque Estadual Igarapés Do Juruena",NA,1,"II",6,0.313844731877752,0.959232277152447,0.82170475892594,0.853033810709254,0.521754389171638,0.80612939869723
"893",426,"Parque Estadual Serra Do Aracá",NA,1,"II",6,0.345756973645846,0.979202727512767,0.734455032301548,0.860514879557932,0.812770382436752,0.732482222315395
"894",416,"Parque Estadual Sucunduri",NA,1,"II",6,0.328160352049036,0.984937950137788,0.779610947703329,0.853838916988889,0.695581435453181,0.837205623671597
"895",1082,"Parque Nacional Cayambe-Coca","KBA",NA,NA,6,0.999207367907932,0.565630033076862,0.93565031334379,0.833488791215562,0.590859918481575,0.659715507122502
"896",1058,"Parque Nacional Copo","KBA",NA,NA,6,0.11252288690339,0.50543296398805,0.572892957547749,0.55802545587658,0.538848311372141,0.217242488962673
"897",433,"Parque Nacional Da Amazônia",NA,1,"II",6,0.364517216594927,0.871048389903536,0.762149673178516,0.863494668879372,0.735621945872098,0.861636458154615
"898",686,"Parque Nacional da Chapada Diamantina","KBA",NA,NA,6,0.317926792986287,0.527368830464724,0.821493386373035,0.732205987185902,0.617320242747437,0.276256915932271
"899",430,"Parque Nacional Da Chapada Dos Veadeiros",NA,1,"II",6,0.284877438194671,0.336601942386118,0.664189254551,0.652349942245978,0.531621561949009,0.206601324418537
"900",783,"Parque Nacional da Serra da Bodoquena e Entorno","KBA",NA,NA,6,0.277994879675734,0.48188448205834,0.698341029343008,0.535612553883916,0.573474429849487,0.219471820776099
"901",415,"Parque Nacional Da Serra Da Cutia",NA,1,"II",6,0.336383266690958,0.850314376191528,0.802762880110673,0.840695595985858,0.554134310810995,0.631315559236526
"902",424,"Parque Nacional Da Serra Do Divisor",NA,1,"II",6,0.459220812676592,0.900795485797626,0.804524907478961,0.840656465378523,0.702533281838963,0.903223369295474
"903",423,"Parque Nacional Da Serra Do Pardo",NA,1,"II",6,0.298195052169703,0.865476027162239,0.700386296799037,0.856192069713293,0.616059196390641,0.63642097840457
"904",387,"Parque Nacional Das Nascentes Do Rio Parnaiba",NA,1,"II",6,0.232673265386343,0.423322329423881,0.658633578579226,0.802768340919362,0.687348881485733,0.0993435586201518
"905",411,"Parque Nacional De Anavilhanas",NA,1,"II",6,0.417651040295556,0.860909965251382,0.778858154057185,0.861002457255018,0.583156263201212,0.799947714694681
"906",419,"Parque Nacional De Pacaás Novos",NA,1,"II",6,0.336172586702679,0.526137510101018,0.731409618755159,0.716291565707975,0.6796196710586,0.619484471632377
"907",412,"Parque Nacional Do Acari",NA,1,"II",6,0.352975515442961,0.961805898387073,0.781980687342435,0.858830092370612,0.711813983388401,0.854978821746734
"908",432,"Parque Nacional Do Araguaia",NA,1,"II",6,0.245796287057574,0.555576966269158,0.689358595412395,0.79243832954315,0.646256018048629,0.189948311778606
"909",436,"Parque Nacional Do Boqueirão Da Onça",NA,1,"II",6,0.358801578019669,0.55096608108059,0.767888263748984,0.789681436356648,0.581798034375894,0.206090104804524
"910",782,"Parque Nacional do Cabo Orange","KBA",NA,NA,6,0.361710209644594,0.8644804167673,0.850837612114922,0.858462632094776,0.604859479060588,0.588757289664018
"911",429,"Parque Nacional Do Jaú",NA,1,"II",6,0.369331514346689,0.977095408910446,0.818974459061455,0.861893551323273,0.844865353350338,0.798534931516253
"912",418,"Parque Nacional Do Jamanxim",NA,1,"II",6,0.315059364494797,0.905066314904954,0.751041663433721,0.860807289127821,0.706632717159948,0.816568444648479
"913",427,"Parque Nacional Do Juruena",NA,1,"II",6,0.339567697656301,0.949240943312894,0.820593896388208,0.84660517987031,0.818748896587019,0.816859961792787
"914",417,"Parque Nacional Do Pico Da Neblina",NA,1,"II",6,0.397431059520406,0.972928850904193,0.683405804088289,0.862123072668069,0.838031699836632,0.75666995736239
"915",431,"Parque Nacional Do Rio Novo",NA,1,"II",6,0.303815990789004,0.914235392863444,0.731245030440604,0.853873568987593,0.641935594963115,0.750294485242619
"916",414,"Parque Nacional Dos Campos Amazônicos",NA,1,"II",6,0.352248604335287,0.862782598502635,0.813207452315937,0.847614112351612,0.721402602111121,0.716689545518165
"917",407,"Parque Nacional Grande Sertão Veredas",NA,1,"II",6,0.275771569354333,0.467208707676162,0.661852962707775,0.647391886972723,0.52594832330502,0.0949271537006854
"918",1080,"Parque Nacional Llanganates","KBA",NA,NA,6,0.859233833226652,0.520435615115816,0.876045939015712,0.850090031955378,0.519270296774938,0.540441797098166
"919",1051,"Parque Nacional Los Alerces y Laguna Terraplén","KBA",NA,NA,6,0.0963248285498506,0.634255257301054,0.559669681785478,0.954835922181401,0.540777134612847,0.63812621278034
"920",422,"Parque Nacional Mapinguari",NA,1,"II",6,0.418560544110117,0.911588401963929,0.834704480354718,0.847359814079522,0.805537973389319,0.74616017168598
"921",406,"Parque Nacional Montanhas Do Tumucumaque",NA,1,"II",6,0.399982374755561,0.974699660044849,0.867782421101173,0.858027254849872,0.91200690846734,0.937112378604496
"922",434,"Parque Nacional Nascentes Do Lago Jari",NA,1,"II",6,0.359760395067282,0.953138961521265,0.754388984742694,0.861954985685107,0.698430569885388,0.842472435879895
"923",1070,"Parque Nacional Natural Amacayacu","KBA",NA,NA,6,0.426427603022784,0.935591871928138,0.690541252425416,0.8638437203365,0.544747876534603,0.837033325308298
"924",1072,"Parque Nacional Natural El Tuparro","KBA",NA,NA,6,0.305523560923281,0.438653024221636,0.800658057629891,0.877756702352688,0.64472295004048,0.228154750801429
"925",421,"Parque Nacional Serra Da Mocidade",NA,1,"II",6,0.31055606728599,0.963222794307063,0.700661087921286,0.85407728306295,0.586676399614399,0.706818579242959
"926",425,"Parque Nacional Serra Das Confusões",NA,1,"II",6,0.202695048409029,0.59017084851333,0.735086868305445,0.848879081454872,0.700262429726348,0.259276195206263
"927",1308,"Parque Nacional Sumaco-Napo Galeras","KBA",NA,NA,6,0.903168347229741,0.616392492688624,0.942334032463495,0.818879877625215,0.511755304950919,0.724448675585995
"929",1062,"Pastizales de La Travesía y Buena Esperanza","KBA",NA,NA,6,0.058115559046208,0.197131303680101,0.835644524343542,0.0959232241375894,0.553499119703807,0.0295339910373344
"930",334,"Patagonia",NA,1,"II",6,0.176326984232939,0.600687213678063,0.69147945363096,1,0.562134167332048,0.264542577008447
"937",534,"Península Valdés",NA,1,"Not Applicable",6,0,0.117812516549933,0.576238893951857,0.977481048249431,0.59514206589812,0.00962941672196029
"938",269,"Perijá",NA,1,"II",6,0.434210406777223,0.590541282335554,0.783277853213868,0.850455970851428,0.559263230848403,0.346007132969208
"949",1349,"Pompeu","KBA",NA,NA,6,0.297581131207715,0.41086568384914,0.602119131609095,0.606433103504933,0.555136390083579,0.128898332716627
"958",312,"Pumalín Douglas Tompkins",NA,1,"II",6,0.0613333978004694,0.765880301667289,0.613906374559292,0.862586096635574,0.601350674905429,0.758008515775414
"988",1310,"Río Abiseo National Park buffer zone","KBA",NA,NA,6,0.552277843415655,0.686430801567247,0.783578103599435,0.622231595239399,0.666738510631376,0.501166451906776
"989",1074,"Río Conambo-Bobonaza","KBA",NA,NA,6,0.637416496814879,0.872997712687431,0.930347928575271,0.779345645399933,0.708019054131123,0.790807704488985
"990",698,"Río Negro - Pantanal","KBA",NA,NA,6,0.211916959449484,0.367222506504895,0.814439184885168,0.63159392933758,0.513589698174982,0.195413397005241
"991",512,"Río Plátano Biosphere Reserve",NA,1,"Not Applicable",6,0.297707623313636,0.777112246441652,0.699399843442055,0.839559939079912,0.63342206047233,0.305552969368577
"994",1342,"Ramis y Arapa (Lago Titicaca, sector Peruano)","KBA",NA,NA,6,0.248063427893425,0.501311438463535,0.644511556572401,0.690395310888362,0.625610847844378,0.0276344185672335
"997",1330,"Raso da Catarina","KBA",NA,NA,6,0.226774706163033,0.541243999104645,0.911719348680438,0.734687649522754,0.601514828423826,0.173191698694966
"1001",749,"Reentrâncias Maranhenses / Paraenses","KBA",NA,NA,6,0.335520659726405,0.591631263742888,0.806353592083175,0.734321516849267,0.744166595408619,0.221153738039635
"1002",692,"Região dos Aparados da Serra","KBA",NA,NA,6,0.37810666740634,0.446298608828306,0.786727219941563,0.29831207866304,0.547092702779488,0.197786849641879
"1004",54,"Reserva Biológica De Maicuru",NA,1,"Ia",6,0.337478811229627,0.971228685369073,0.739371211679216,0.858745954332652,0.748705864386726,0.90304338475115
"1005",60,"Reserva Biológica Do Abufari",NA,1,"Ia",6,0.355985250953289,0.968834270763167,0.736823894384939,0.862207249287659,0.521850689822068,0.839510465108233
"1006",51,"Reserva Biológica Do Guaporé",NA,1,"Ia",6,0.339673911832196,0.642191481329435,0.801778332410518,0.770190104506221,0.660362265001472,0.441129169015317
"1007",55,"Reserva Biológica Do Gurupi",NA,1,"Ia",6,0.255204110696209,0.666149372412408,0.710282862281763,0.728023917556403,0.548124303573295,0.328910289950269
"1008",50,"Reserva Biológica Do Jaru",NA,1,"Ia",6,0.329968859394182,0.518909997907556,0.776679229802384,0.741212853017732,0.581779650044439,0.629518838684133
"1009",52,"Reserva Biológica Do Lago Piratuba",NA,1,"Ia",6,0.315824435880649,0.721603174482923,0.84000631114862,0.839167716675598,0.598747231309888,0.368072978382952
"1010",62,"Reserva Biológica Do Manicoré",NA,1,"Ia",6,0.332848553237503,0.985713200330013,0.802707773528574,0.858068995580888,0.586572872734054,0.847558798096385
"1011",56,"Reserva Biológica Do Rio Trombetas",NA,1,"Ia",6,0.329797130639367,0.955770422577295,0.759056351959631,0.861976080758996,0.603985741407724,0.903393960548746
"1012",48,"Reserva Biológica Do Uatumã",NA,1,"Ia",6,0.362271384206181,0.930460190700244,0.735613127085758,0.862076272345093,0.718160737730534,0.817391180904512
"1013",61,"Reserva Biológica Nascentes Serra Do Cachimbo",NA,1,"Ia",6,0.282267380491024,0.759651328858197,0.733872150390426,0.832288049211823,0.579935196907009,0.535372862276166
"1014",1338,"Reserva Comunal El Sira","KBA",NA,NA,6,0.598154491195795,0.873524780013765,0.80409120978602,0.504678514667178,0.800572264336806,0.750196191216179
"1015",1063,"Reserva Costa Atlántica de Tierra del Fuego y zon","KBA",NA,NA,6,0.00640784004297417,0.255220251348679,0.486965385179731,0.866018691479319,0.512298739881623,0.0729672886117771
"1016",1018,"Reserva de Inmovilización Iténez","KBA",NA,NA,6,0.342681971598942,0.680461760392565,0.828076876163109,0.826143330138034,0.713849665940881,0.375091154737437
"1018",1064,"Reserva de la Biósfera Yabotí","KBA",NA,NA,6,0.300484615401769,0.646763879377384,0.814162425667475,0.0854646500887695,0.522178565701616,0.272947707121797
"1019",1041,"Reserva de Uso Múltiple Bañados del Río Dulce y","KBA",NA,NA,6,0.100118086085875,0.472147996500393,0.490857783859176,0.282607147842639,0.782862634529181,0.0471554795835064
"1020",1083,"Reserva Ecológica Cotacachi-Cayapas","KBA",NA,NA,6,0.927469131056346,0.614584885413799,0.778554399367273,0.850828117889771,0.580900989309107,0.695624357970511
"1021",1029,"Reserva Forestal Alto Paraguá","KBA",NA,NA,6,0.328451282297907,0.432498959078384,0.809035096027255,0.813455776196423,0.636179685916022,0.288318272049139
"1022",1339,"Reserva Forestal Imataca","KBA",NA,NA,6,0.44298768664093,0.913536073576483,0.812194429953833,0.862153446967792,0.908993626582962,0.769718342801688
"1023",1005,"Reserva Forestal Sipapo","KBA",NA,NA,6,0.430413602605163,0.919387869298357,0.780692320584726,0.870367042543104,0.852917451858523,0.773365994997438
"1024",1019,"Reserva Nacional Amazónica Manuripi Heath","KBA",NA,NA,6,0.395951495097575,0.87043203216591,0.703890544519919,0.789631379432754,0.6893133798143,0.70415621556727
"1025",1022,"Reserva Nacional de Flora y Fauna Tariquía","KBA",NA,NA,6,0.280255675998246,0.69757913388262,0.771021755111192,0.716918884765981,0.539420040311439,0.282223499469691
"1026",1065,"Reserva Nacional Pacaya Samiria","KBA",NA,NA,6,0.49906344197224,0.941312447186594,0.817995654643503,0.817461532753887,0.83304502235581,0.808070634879491
"1027",1067,"Reserva Nacional Salinas y Aguada Blanca","KBA",NA,NA,6,0.107224588810345,0.529941690570196,0.710408249131801,0.747140552868621,0.590003623033256,0.0107039518699504
"1028",751,"Reserva Particular do Patrimônio Natural SESC Pan","KBA",NA,NA,6,0.291728815264458,0.4886697390182,0.734973377345685,0.587429915021088,0.633562364687803,0.220145633622727
"1029",1054,"Reserva Provincial Laguna Brava","KBA",NA,NA,6,0.0311112510418221,0.839546330576956,0.702368971249459,0.562807866620847,0.610947460701279,0.00259531482748231
"1030",1049,"Reserva Provincial Olaroz-Cauchari","KBA",NA,NA,6,0.0455370870164801,0.805165803597677,0.631950038359876,0.812111518692346,0.513704144819958,0.00169982930647523
"1031",1039,"Reserva Provincial y de la Biosfera Laguna Blanca","KBA",NA,NA,6,0.162851766156079,0.727391303472285,0.720596787702714,0.615174269213252,0.651803228492261,0.00627169487423743
"1035",687,"Rio Arrojado","KBA",NA,NA,6,0.273447065117612,0.372822148446432,0.756283748024378,0.716686850055588,0.609185391071945,0.102822318346565
"1036",757,"Rio Capim","KBA",NA,NA,6,0.341000453784374,0.516356730582168,0.68043623858656,0.747126731178449,0.831134163359727,0.544789894517055
"1037",506,"Rio Pure",NA,1,"II",6,0.386018234871766,0.983306749229274,0.651778465639664,0.862682323604149,0.724884774743195,0.826107412849593
"1038",1348,"Rio Tacutu","KBA",NA,NA,6,0.526783604354729,0.471830330057444,0.884073397458971,0.841119585997192,0.87622474685029,0.223658880844857
"1039",753,"Rios Negro e Aquidauana","KBA",NA,NA,6,0.243028617410151,0.457782631610809,0.764158543943667,0.454334495591764,0.568963886991073,0.165983080156467
"1051",1057,"Salinas de Ambargasta","KBA",NA,NA,6,0.109161133291582,0.615804194878892,0.711011372719982,0.363831354719272,0.534776268341598,0.0846144323272307
"1052",1040,"Salinas Grandes","KBA",NA,NA,6,0.182639178485446,0.646508587773348,0.873734641105534,0.209047218533237,0.642457939472154,0.0694707074028873
"1056",1044,"San Antonio Oeste","KBA",NA,NA,6,0.0245564955405864,0.383432256399445,0.484003528412641,0.824393684011973,0.573097511279478,0.0115295222801919
"1057",304,"San Guillermo",NA,1,"II",6,0.0816788823646717,0.839045128268484,0.698527870390541,0.565347612827303,0.718808669240389,0.00221568834300321
"1058",1061,"San Javier","KBA",NA,NA,6,0.123984814788754,0.290949475008496,0.511862531626521,0.520877380954696,0.584828810941851,0.128679800396435
"1063",532,"Sangay National Park",NA,1,"Not Applicable",6,0.735371844570712,0.712580784948169,0.892349261948192,0.803736666364568,0.537524058103068,0.614356331732427
"1066",1306,"Santiago pampas","KBA",NA,NA,6,0.230702799005432,0.121554527145869,0.543602243851375,0.41761579042703,0.532615874305303,0.127127840311982
"1070",742,"Savanas do Amapá","KBA",NA,NA,6,0.349687375910521,0.668181512615249,0.845708454393958,0.851395884343359,0.69045064381171,0.48721702797526
"1074",1283,"Selva Zoque I","KBA",NA,NA,6,0.455800993418135,0.747136065139489,0.896589146191508,0.577208274954551,0.733483991115396,0.195360355912897
"1079",739,"Serra dos Carajás","KBA",NA,NA,6,0.301563448737483,0.561470706392805,0.590183170221739,0.753972132123621,0.754458208940527,0.476127387672813
"1080",262,"Serranía de la Neblina",NA,1,"II",6,0.406612219013561,0.979659520864645,0.728800423849893,0.862068723593911,0.745120798131858,0.766702869836674
"1081",1311,"Serranía de los Yariguíes","KBA",NA,NA,6,0.569878996050328,0.486990746622916,0.810382846635727,0.86152266616318,0.53277120095488,0.396854884810457
"1082",1073,"Serranía de San Lucas","KBA",NA,NA,6,0.384103211435368,0.693965090182914,0.800458253847223,0.912091009647054,0.672974944056729,0.362745573239211
"1083",502,"Serrania de Chiribiquete",NA,1,"II",6,0.403083730720162,0.942541394716601,0.769057285387402,0.883000607718872,0.925219812714299,0.866097575761865
"1084",720,"Serranias del Este","KBA",NA,NA,6,0.112522357292667,0.104692888248219,0.545348479189826,0.796842254433158,0.644451292035195,0.0569910740900521
"1090",26,"Sian Ka'an",NA,1,"Ia",6,0.163991662233206,0.78817841296937,0.573583961060493,0.846613927278111,0.552241753287059,0.194247652327125
"1093",1313,"Sierpe Wetlands and Osa Peninsula","KBA",NA,NA,6,0.606721216261738,0.624316480249862,0.689219607163214,0.825361934695291,0.523870996477048,0.38951836628446
"1095",1315,"Sierra de Juárez","KBA",NA,NA,6,0.728108120059237,0.659673913149247,0.823117476139753,0,0.594720553881893,0.210767771417845
"1097",505,"Sierra de la Macarena",NA,1,"II",6,0.433327353070758,0.706568498277592,0.862361772614132,0.881795813611659,0.66117921667669,0.666587388153349
"1098",1316,"Sierra de las Minas - Motagua","KBA",NA,NA,6,0.580520613611693,0.634154797801682,0.748660964747723,0.518731516589752,0.609856944088192,0.258214528335831
"1099",1317,"Sierra de Miahuatlán","KBA",NA,NA,6,0.383750070136191,0.670157836165715,0.831237090516001,0.832047204881676,0.556046179899121,0.18134254335657
"1101",316,"Sierra del Divisor",NA,1,"II",6,0.473331858536303,0.941699971543542,0.738419358630669,0.828604467645369,0.768434016617596,0.850666193000379
"1103",268,"Sierra Nevada",NA,1,"II",6,0.665442304463786,0.526241855814273,0.766879281758357,0.819536288665595,0.470190344674871,0.324791982964466
"1104",1320,"Sierra Nevada de Santa Marta National Natural Par*","KBA",NA,NA,6,0.566019568806117,0.58426528737076,0.561901067128359,0.873252583305979,0.633644506156767,0.414301373290334
"1106",1321,"Sierra Norte de Oaxaca II","KBA",NA,NA,6,0.655938934623977,0.717667038333316,0.783532282323564,0.0782567192162105,0.557765511390696,0.215940592389941
"1107",703,"Silva Hill","KBA",NA,NA,6,0.307160474268671,0.638174237783271,0.65799998348277,0.76838309963549,0.517539544978068,0.293671790733036
"1113",1050,"Sistema de lagunas de Vilama-Pululos","KBA",NA,NA,6,0.0562416300382953,0.817515951829508,0.706319011204603,0.845374801363544,0.577902847967781,0.00143102536020414
"1118",259,"Soufriere",NA,1,"II",6,0.506406778265378,0.389681332015532,0,0.872086390150304,0,0.435088610484419
"1145",508,"Sumapaz",NA,1,"II",6,0.583969439258173,0.448464129100017,0.877339558171592,0.895941370160633,0.520246973918024,0.502107316172985
"1151",741,"Tabocais","KBA",NA,NA,6,0.453929398923874,0.902318214284297,0.805356157115563,0.850303902815132,1,0.792729335728753
"1153",1020,"Tahuamanu","KBA",NA,NA,6,0.378036150430863,0.657894130902353,0.812914441275675,0.802757438202763,0.520495312777224,0.704496714975797
"1154",510,"Talamanca Range-La Amistad Reserves / La Amistad National Park",NA,1,"Not Applicable",6,1,0.610905474902508,0.578856430451121,0.81110903345799,0.651530379200088,0.438883977229599
"1155",341,"Talampaya",NA,1,"II",6,0.0982954211778429,0.758563542571887,0.848915850953159,0.28799163104523,0.514781988368819,0.0113622808670612
"1158",1066,"Tambopata","KBA",NA,NA,6,0.550630585285905,0.814066310383389,0.821359134250778,0.69695401415844,0.551345760529508,0.656143984636847
"1168",760,"Tepuis de Roraima","KBA",NA,NA,6,0.553956183137734,0.70578106531844,0.785866802184333,0.839371921950359,0.536009004852537,0.583128705077781
"1171",745,"Terra Ronca","KBA",NA,NA,6,0.363438490083999,0.19320405294953,0.743286895593182,0.655822664352162,0.673153729526417,0.229006833867622
"1172",1075,"Territorio Achuar","KBA",NA,NA,6,0.560645573353312,0.894289760249263,0.920017471983822,0.736903331165752,0.691116539927585,0.797867539473478
"1186",1079,"Tierras altas de Isabela","KBA",NA,NA,6,0.599044907208401,0.945586879318305,0.237973101437921,0.871636946585085,0.516959940691842,0.122817088684705
"1187",282,"Tinfunque",NA,1,"II",6,0.16028175349149,0.518042701768101,0.451268836300273,0.626614372307943,0.487494351251531,0.236743672616174
"1188",504,"Tinigua",NA,1,"II",6,0.396177152327674,0.547137479920058,0.805644067064501,0.875304812454087,0.515612479094806,0.651076822869651
"1189",767,"Tirecatinga / Utiariti","KBA",NA,NA,6,0.29060633296658,0.369906471267935,0.646127526383752,0.676435612426772,0.657981006438186,0.245630580438458
"1195",306,"Torres del Paine",NA,1,"II",6,0.0348143228193781,0.68738730101284,0.375084419735536,0.965827752146096,0.508728554054326,0.339587784636977
"1220",1227,"Unai","KBA",NA,NA,6,0.294315242014151,0.171130934356054,0.676077339108175,0.454566761079231,0.556922027444585,0.167957635205653
"1230",1324,"Upper Vacacai pampas","KBA",NA,NA,6,0.160229498494309,0.141219141487081,0.522101347601801,0.479570133828102,0.625896238966567,0.106442900591093
"1237",758,"Várzeas de Monte Alegre","KBA",NA,NA,6,0.45196730165997,0.732071673904911,0.64797216983002,0.854767000146321,0.861076887320388,0.529321329629635
"1238",744,"Várzeas do Médio Rio Amazonas","KBA",NA,NA,6,0.479078203690128,0.769617701507892,0.800558995856296,0.861454755867337,0.871506241259629,0.700388310785831
"1239",763,"Vale do Rio Palmeiras","KBA",NA,NA,6,0.210976985659288,0.351323618854514,0.724232785243635,0.664511722755243,0.548570017109268,0.218440598689506
"1240",1325,"Valle de Tehuacán-Cuicatlán","KBA",NA,NA,6,0.596257609133673,0.616016627870536,0.821379976362116,0.342173037018997,0.629021290818478,0.146290669017847
"1241",1046,"Valle del río Paraguay-Paraná","KBA",NA,NA,6,0.214696033356704,0.330591017470376,0.607868581598838,0.631368612630878,0.527912667406574,0.149055846472255
"1242",1056,"Valle Fluvial del Río Paraguay","KBA",NA,NA,6,0.246763698343996,0.325338027390817,0.507820963478759,0.576335112042195,0.587425025311484,0.144525632564557
"1245",1077,"Verde-Ónzole-Cayapas-Canandé","KBA",NA,NA,6,0.594097139073863,0.67863431939661,0.627205379463068,0.861509592947249,0.510795637616063,0.523915667422061
"1248",308,"Vicente Perez Rosales",NA,1,"II",6,0.151864155816673,0.729655974420003,0.728498000589674,0.866386207693795,0.522961320697446,0.830731119710718
"1249",1035,"Villa Iris, Chasicó, Napostá","KBA",NA,NA,6,0.0626874206447097,0.222443652664054,0.590025395430209,0.53121414562435,0.567561006182369,0.0527713117896218
"1252",177,"Viruá National Park",NA,1,"II",6,0.312944184288093,0.856467486453036,0.711002431280538,0.842053558334142,0.516306959813463,0.729944287835915
"1277",702,"Wawashan","KBA",NA,NA,6,0.298327155874162,0.380423637789885,0.521861075414467,0.797012265168062,0.522027188891993,0.25062300483829
"1311",317,"Yaguas",NA,1,"II",6,0.418366195736196,0.971288245726473,0.670852408723667,0.863770441042089,0.70749539420663,0.850507641603472
"1320",266,"Yapacana",NA,1,"II",6,0.359691267338426,0.935755094407709,0.801470017554791,0.864369111699712,0.552524700649871,0.625139311371862
"1330",1013,"Yungas Inferiores de Amboró","KBA",NA,NA,6,0.543335281163836,0.635073393595426,0.802139051322375,0.622942457178799,0.574600382840189,0.432857954419726
"1331",1030,"Yungas Inferiores de Carrasco","KBA",NA,NA,6,0.603470387423297,0.65575201315463,0.847351268413272,0.76697766757094,0.622353496342229,0.418625063595863
"1332",1027,"Yungas Inferiores de Isiboro-Sécure / Altamachi","KBA",NA,NA,6,0.524141841727322,0.818734291823659,0.824852844265474,0.849926469624635,0.513963746086165,0.49840040609248
"1333",1017,"Yungas Inferiores de Madidi","KBA",NA,NA,6,0.52950447399432,0.826482172417634,0.812071779066624,0.717047455246606,0.60202890801259,0.702505534022531
"1334",1023,"Yungas Inferiores de Pilón Lajas","KBA",NA,NA,6,0.466700727546397,0.733884739239966,0.777541198892009,0.834441933954312,0.548062940467619,0.59907213591445
"1335",1024,"Yungas Superiores de Amboró","KBA",NA,NA,6,0.506390302533624,0.668127760058844,0.836094046062946,0.656521480328625,0.547233829639779,0.418179603044628
"1336",1328,"Yungas Superiores de Apolobamba","KBA",NA,NA,6,0.520711490268142,0.602449433557498,0.763979568234914,0.739690809065364,0.62345148568496,0.319091105971627
"1337",1025,"Yungas Superiores de Carrasco","KBA",NA,NA,6,0.576421217799473,0.633967667518491,0.843672568592819,0.809124737611656,0.522922118454159,0.320118439492108
"1338",1008,"Yungas Superiores de Madidi","KBA",NA,NA,6,0.523644363382258,0.751302401060491,0.788830927950873,0.730488997923007,0.542270017994261,0.667074389736391
"1339",1026,"Yungas Superiores de Mosetenes y Cocapata","KBA",NA,NA,6,0.514344446601919,0.782645688797093,0.801391892851241,0.848298679058942,0.589987115148854,0.468864154610361
"1347",1274,"Zona Protectora Macizo Montañoso del Turimiquire","KBA",NA,NA,6,0.339540222383977,0.515304044163209,0.786521471586943,0.865783985068787,0.625444864987736,0.383078672780524
"1348",1007,"Zona Protectora San Rafael de Guasare","KBA",NA,NA,6,0.467337313866742,0.438780223060755,0.666686565743822,0.845592822330738,0.590860427062173,0.248437533571625
