"","SP_ID","Int_Name","PA_type","PA_DEF","IUCN_CAT","RealmNr","Large_size","Hig_SR_B","High_SR_M","High_SR_A","High_SR_R","High_SE_B","High_SE_M","High_SE_A","High_SE_R","High_ED_B","High_ED_M","High_ED_A","High_ED_R","High_CS_B","High_CS_M","High_CS_A","High_CS_R","Low_HFP","High_CaS","High_VCaS","High_ICaS","High_BII","Low_BTAC","Low_FCC","Low_BCrop","Low_Crop","Low_Pasture","Biodiversity","Wilderness","ClimateStability","LandUseStability","ClimateProtection","Size"
"58",682,"Askot Wildlife Sanctuary and Goriganga Basin","KBA",NA,NA,4,0.0132246418792294,0.6336206979171,0.443181821247094,0.141304306368148,0.0118343110697805,0.230603448275862,0.0417092271024855,0.291043908788731,0.0373083085374228,0.15655603953393,0.107127704104456,0.0908586663089016,0.0260975590732854,0.195823363773396,0.178355118746,0.126838076827078,0.75188473587678,0.295505802733261,0.180184895110732,0.180180866687689,0.098961498768174,0.567405739332117,0.159008945456471,0.932684548363196,0.000351362150868155,0.147972009138858,0.143084593256548,0.237292166091134,0.725783196214205,0.445929400031155,0.881062327902128,0.154346237435059,0.0415492977254428
"70",859,"Ayeyarwady Delta (including Meinmahla Kyun)","KBA",NA,NA,4,0.378480687197285,0.2887931006943,0.187499994380327,0.163043462431475,0.260355022186058,0.0197557471264368,0,0.00425373654726761,0.0565346761272602,0.0814190986280671,0,0.00716424017746818,0.0243167809918362,0.616689788299257,0.350248772894586,0.380475292895321,0.46049928134349,0.582629482568484,0.334778042961184,0.334710155436706,0.0185153096394558,0.552468844392405,0.303359570768251,0.75906678308277,0.0253036671129564,0.291309633383031,0.117776441642934,0.0907903611006459,0.462873051524916,0.380210338501384,0.79086786733212,0.231188550690069,0.618554208324693
"89",1258,"Balbalasang-Balbalan National Park","KBA",NA,NA,4,0.142913823727488,0.267241374536787,0.221590910623547,0.22826086127363,0.20710056282175,0.780890804597701,1,0.411915111224751,0.917601281757839,0.885385948495952,0.468508517139369,0.194532077891718,0.179548073815391,0.295480723454683,0.0624380319255348,0.153916825380499,0.714007684680255,0.484555922980689,0.471536091479611,0.471532122652078,0.0433809162994398,0.759169546726026,0.277316902095716,0.802273112323357,0.171655815766369,0.183665915778949,0.130132457260004,0.702609640183139,0.657704917462032,0.530440112418634,0.758655858928478,0.331475538338417,0.328869040719795
"98",676,"Banni Grassland and Chhari Dhand","KBA",NA,NA,4,0.0631748092058891,0.14655172083316,0.136363635001291,0.0652173988421549,0.0295857776744514,0.0190373563218391,0.0175348995573715,0.00151089003045025,0.00970473792629893,0.0286614979307819,0.0124953546657496,0.00124722895448282,0.0134879091445743,0.739315140976146,0.55778094087197,0.0108949702203062,0.165555608662425,0.30020845297285,0.00803889177235572,0.00802076848425487,1.53761856561504e-06,0.920614630286333,0.22743297432393,0.766577406293044,0.0974094058065075,0.499278031892207,0.0946855297883368,0.0106366822911054,0.890735273642664,0.47664270916865,0.628760053482929,0.00539508915716049,0.172778345370007
"109",665,"Belum-Temenggor","KBA",NA,NA,4,0.138238465707121,0.5775862013886,0.920454528765819,0.836956468220701,0.905325392341165,0.172413793103448,0.133469526727954,0.235257199972107,0.496452277409018,0.291393185361658,0.838524725665274,0.535267247457515,0.467618059173205,0.163288379291275,0.143327190335067,0.108828714142365,0.121974965528002,0.312391994875027,0.711399489882832,0.711343459426,0.451238094402455,0.84480690716646,0.0106640497274771,0.615503845837528,0.422748599536941,0.115532050252653,0.137130413251667,0.787533412898571,0.966577799781966,0.847383936862251,0.638828996430748,0.629713794643615,0.320967388490911
"111",292,"Betung Kerihun","IUCN",1,"II",4,0.512634177297851,0.482758614814507,0.687499979394531,0.793478225441872,0.733727762728757,0.189655172413793,0.0823970037453183,0.217358964226773,0.197528038452735,0.318529534807784,0.483114995383051,0.471758195609628,0.164599482063403,0.409048358636693,0.315816528047364,0.327019944915451,0.0240962134102757,0.0262664963092938,0.906109285491834,0.906109460167793,0.739178473170736,0.80794622474728,0.235204870684068,0.425603894087355,0.0134071566666853,0.0684723226018012,0.841088276645567,0.579422726828275,0.981138790078419,0.729376014630612,0.482667541802806,0.857346644614923,0.729555271977139
"113",677,"Bhal area","KBA",NA,NA,4,0.0750173109357079,0.187500002662177,0.221590910623547,0.0652173988421549,0.0355029332093417,0.0147270114942529,0.0153217568947906,0.00127844541038098,0,0.0376378457538479,0.0310626187235013,0.00410265024852815,0,0.192492741093739,0.135116231846113,0.169276782373133,0.178392424470703,0.684484527983345,0.00934087966155929,0.00932883177508489,2.21951271295819e-05,0.540997436283048,0.226991949149081,0.763714805592452,0.00122396424927045,0.31805270613989,0.0809911140537062,0.0280033195514048,0.441106456417501,0.719039773807122,0.81239236940368,0.00627908888764299,0.199342409279423
"119",1267,"Bintang Range","KBA",NA,NA,4,0.0730372256568092,0.609913801273577,0.926136363125484,0.815217381505199,1,0.165948275862069,0.132618318011576,0.116013109876572,0.624628061341268,0.274783031821257,0.678412126274967,0.546392190417023,0.924511153245527,0.0975427658595927,0.0575873310007583,0.0802776968939916,0.0869960615154746,0.676118487318025,0.572908614804525,0.572836820166648,0.353289936417081,0.709528186506283,0,0.502858817297641,0.0622761451161558,0.143109425094549,0.133030301429182,0.840449055767083,0.678973353710944,0.978172359355246,0.851409228785451,0.503720416997595,0.194999857049786
"146",294,"Bukit Baka -  Bukit Raya","IUCN",1,"II",4,0.042189479884749,0.398706901967877,0.545454540005165,0.09782606358932,0.520710044372116,0.154094827586207,0.0480081716036772,0.0393063852537133,0.0122224765392538,0.241765032813748,0.354396683976438,0.081115893767371,0.03228695368286,0.223157481644512,0.130929503595139,0.361220698892954,0.116328189746741,0.0861967672590251,0.962831935033465,0.962846856625752,0.875587039795823,0.844313806917829,0.286163865994899,0,0.071757647481625,0.0674503364547352,0.740851986647662,0.278519317990494,0.937249867168803,0.553883368097535,0.509734239512507,0.941310250001425,0.121851792484875
"147",295,"Bukit Barisan Selatan","IUCN",1,"II",4,0.106181541225014,0.581896563658034,0.670454536258717,0.380434745673441,0.449704118403137,0.216954022988506,0.0662240381341505,0.0474419469561377,0.128862439917601,0.357357477835138,0.508711414617092,0.147003441887363,0.0304701932675624,0.643620018966301,0.887141470840863,0.75166735008277,0.226145618299605,0.558104245884949,0.677527166064312,0.677398737467091,0.40008911111198,0.702665734769587,0.182892734861392,0.694720592320511,0.154128120146019,0.237587154483353,0.413809342806458,0.41735750438762,0.636722123746696,0.206595465028129,0.556751951026411,0.589737518255269,0.263061536755158
"148",660,"Bukit Panjang - Bukit Siguntang","KBA",NA,NA,4,0.0433830012069174,0.48491380659793,0.647727258763236,0.391304323705105,0.520710044372116,0.0876436781609195,0.0617977528089888,0.0439552776550987,0.0505836575875486,0.254590275104266,0.425739475245824,0.165487984210823,0.0215541771396964,0,0.0353806866943902,0.0767547660189362,0.0396903276198014,0.47954973737141,0.420890121743435,0.420896291783585,0.22062019228026,0.751707753354138,1,0.556689411637492,0.87576752318489,0.487305039568724,0.325049313237157,0.361080772787088,0.230640538276087,0.998094976408771,0,0.356999606454238,0.124894500502412
"149",18,"Bukit Sapat Hawung","IUCN",1,"Ia",4,0.00472047751060014,0.4224137986114,0.579545456248386,0.358695658957939,0.526627199907006,0.186422413793103,0.0606911814776983,0.103693545012901,0.0734721904325933,0.312263285686429,0.454479389564563,0.185565969494862,0.0599678841691641,0.384460864716484,0.278240434164858,0.46593695359541,0.0804956653616658,0,0.968925052566699,0.968938661070606,0.9049586476797,0.750891579835545,0.227937167527312,0.326852609723201,0,0.0922043265361353,1,0.383070946614568,0.967286620343249,0.631407861647678,0.37591127220694,0.955274533221757,0.0152381072797794
"151",856,"Bumphabum","KBA",NA,NA,4,0.0879848254715551,0.885775857754403,0.727272729997417,0.380434745673441,0.39644965903883,0.150502873563218,0.0909090909090909,0.185514051277283,0.0482948043030442,0.285317234223406,0.36874123379305,0.157654825672682,0.0301221991933431,0.504073515259119,0.478666687626545,0.233212574355902,0.478591685362601,0.0623793369419173,0.574604057725762,0.574602639569233,0.186908409619995,0.772581061546163,0.237929950857931,0.407754969388995,0.00011078986739086,0.272844309866674,0.134050753028591,0.433273837876419,0.937437504024124,0.532395785051988,0.808141922615148,0.448974153943559,0.22686871983745
"180",852,"Central Bago Yoma","KBA",NA,NA,4,0.169656739521032,0.471982762384457,0.414772709391949,0.249999947989132,0.39644965903883,0.0395114942528736,0.0317500851208716,0.0569721763789777,0.0730144197756924,0.145715560480913,0.164980757933337,0.0947248285285859,0.0742217135594321,0.154490047964397,0.121338590666208,0.135259899390627,0.363450826198332,0.481303091879087,0.344973413512111,0.34495915281467,0.0226278844265954,0.829867016354155,0.197321302181569,0.513911396845133,0.00551839053765901,0.521217562326158,0.119119659412983,0.237665606236479,0.748370068795025,0.835358162058234,0.657472896258309,0.239440445259976,0.371771057760456
"181",839,"Central Cardamoms","KBA",NA,NA,4,0.116807948166128,0.411637924883937,0.49431818062613,0.434782566483933,0.408284029658905,0.109913793103448,0.0268981954375213,0.151344692127101,0.44609750514992,0.144031559075755,0.173169587639276,0.241183997836767,0.152796699765076,0.449307406716772,0.439046253918176,0.417236507068578,0.385872974407101,0.148973240782976,0.618217386966606,0.618207437217834,0.361141466583314,0.883145622690202,0.347970875900288,0.471598302309309,0.00290163938404632,0.112718991983233,0.129740266703918,0.366118866710899,0.886747139310135,0.570702968444039,0.910109318305221,0.536829862582809,0.283023995188103
"184",840,"Central Oddar Meanchey","KBA",NA,NA,4,0.037503556370809,0.34698276770881,0.437499986887429,0.32608692486295,0.313609422000071,0.0334051724137931,0.0242594484167518,0.0148067222984124,0.0281528953994049,0.0911759858615723,0.127054864391228,0.0543911249468282,0.0539682750423492,0.419590657391954,0.246884876831201,0.103873561443076,0.256385340501371,0.342258953962951,0.39226755091475,0.392251726599904,0.348966759750024,0.755311661726316,0.555601236632895,0.465291959618495,0.0521880418481818,0.367956107313853,0.17692391118241,0.19014204601272,0.575344226151067,0.767462479731645,0.688248614697107,0.380884500484328,0.109719702628488
"188",1341,"Central Titiwangsa Range","KBA",NA,NA,4,0.224948214724299,0.62931035694508,1,0.86956520231569,0.988165629379924,0.205459770114943,0.22454885938032,0.160642476929871,1,0.315477610760826,1,0.639105821599068,1,0.185372054839688,0.173965328780117,0.121518681734272,0.0635496178834875,0.455838286933904,0.618943877084097,0.618942286525166,0.404639904831493,0.819467898299916,0.196090612698306,0.345006012865256,0.00310211628694407,0.118402738459171,0.142538395008146,1,0.757967683437359,0.842487541232449,0.898324287648841,0.551937742644844,0.45009835787189
"203",835,"Chhep","KBA",NA,NA,4,0.0587901107022648,0.392241390509847,0.48295454187839,0.402173901736768,0.313609422000071,0.0836925287356322,0.0380490296220633,0.293368354989424,0.0295262073701076,0.111712945442038,0.158323146545901,0.0778642394612554,0.0338523763477898,0.41390009467043,0.193017216660423,0.126464526576799,0.242949719108238,0.229971741278347,0.424714871075201,0.424706039295526,0.184251682406309,0.935935632776551,0.374591433294757,0.655160459272847,0.0136963709776552,0.209759592038043,0.160364434479959,0.26429957496692,0.854456029928489,0.691810606234271,0.822767559994163,0.347344086675666,0.162566039643166
"254",666,"Danum Valley Conservation Area","KBA",NA,NA,4,0.0393090202001682,0.49137931805596,0.778409089376453,0.608695606947071,0.674556207379854,0.231681034482759,0.161559414368403,0.133678901001836,0.070267795834287,0.338539074067375,0.709016934964391,0.413639130511111,0.144176375492746,0.235248193191143,0.106316489897291,0.300474323143904,0.0910095545730318,0.357524543440563,0.714085284357277,0.714084284721179,0.717914904619704,0.844688718973683,0.214848098851823,0.198775268393425,0,0.119542912111762,0.36776619689251,0.570669243221129,0.81967526769,0.699988617514882,0.757485755090343,0.721148988443043,0.11442975506712
"255",669,"Danum-Linau","KBA",NA,NA,4,0.103055836946966,0.480603444328497,0.806818171260008,0.467391300578923,0.644970370155107,0.30316091954023,0.14708886618999,0.181794937356175,0.106889448386358,0.402592844868943,0.714830367131145,0.512101688466626,0.0944626900783883,0.010629826330661,0,0.199411027766815,0.030927870641927,0.0259217337595818,0.905081794524667,0.90509506016424,0.890148628876334,0.81375042830788,0.300600084449848,0.507520851162108,0.00120286141738648,0.0980836519661707,0.504132313155111,0.584702965012926,0.946246207767825,1,0.684242482302206,0.907391161690298,0.257031577032408
"259",659,"Dataran Banjir Ogan Komering","KBA",NA,NA,4,0.0199324636621761,0.439655183796894,0.57386362188872,0.347826080926276,0.467455585007808,0.0818965517241379,0.0255362614913177,0.0662699611817485,0.00595101853971161,0.228721483624825,0.292173409608488,0.0980435715080594,0.0148470987299328,0.11630311684434,0.082414380133019,0.205510410557652,0.160612415591044,0.503245953016939,0.224771722163911,0.224766000423908,0.0815372845709557,0.621006754547335,0.281367003254799,0.642717959592245,0.777564756413705,0.488927096481912,0.242466104298718,0.293763681540692,0.562942485746662,0.823182105495628,0.113018548807609,0.178455706083229,0.0613504491330595
"261",1279,"Dayao Shan Nature Reserve","KBA",NA,NA,4,0.024331062326637,0.308189656365803,0.374999988760653,0.576086942199906,0.449704118403137,0.0779454022988506,0.0104698672114402,0.286395016387346,0.0267795834287022,0.066885038997726,0.0769446085933578,0.282393274671152,0.10829573633482,0.0641588170336832,0.0056532564203095,0.128054610327435,0.114473383129139,0.454852531411715,0.156037188790692,0.156024675247902,0.00292027833819146,0.68913731570207,0.255974102295038,0.587700544740185,0.52864408712895,0.167794386901708,0.0652139502096415,0.294137028541702,0.646523248114086,0.931535324649625,0.584427007707881,0.105841799779409,0.0739138462587841
"272",186,"Desert","IUCN",1,"II",4,0.0695936789640163,0,0.0909090800103306,0.0543478208104916,0,0.00646551724137931,0.0220463057541709,0.00197577927058878,0.162279697871366,0,0.0115131846995006,0.00121993003582918,0.0494613247268953,0.820927074443598,0.605420893621449,0.0158869658154207,0.215357329483185,0.199314409129234,0.00333646209139437,0.00333583066495717,0,0.907172863267038,0.230623486661218,0.618055092463984,0.00115010433767654,0.0998223007564337,0.122048003431338,0,0.940360535483668,0.508097535040803,0.924201942116274,0.0022401257700926,0.187354931856948
"276",1248,"Dibang Wildlife Sanctuary","KBA",NA,NA,4,0.225583836459398,0.77370690729223,0.477272707518724,0.510869543357751,0.218934873891531,0.219827586206897,0.0917602996254682,1,0.308766308079652,0.299372307076991,0.218682636127117,0.481765579246037,0.0106758839608361,0.3965108014649,0.592472781619673,0.31806663415824,0.534190963224162,0.0309307609925391,0.342153031161636,0.342148462893994,0.190279452912073,0.0182941227550278,0.228320107585896,0.828596498389525,3.01770495940818e-06,0.137393818080978,0.133253512893207,0.551806143999277,0.517387529381512,0.329452957595838,0.894156457779217,0.293884358265965,0.450929847921213
"284",838,"Dong Phou Vieng","KBA",NA,NA,4,0.0986274925773064,0.549568963773057,0.676136370618382,0.652173919073724,0.360946725829488,0.135775862068966,0.0849506298944501,0.0574370656191162,0.0666056305790799,0.276693960556303,0.366734781589489,0.32186364411815,0.0315630674047233,0.164097598377669,0.162981755774927,0.131275539822118,0.295871461177166,0.310060682543013,0.521722434579636,0.521712583749833,0.191707647154059,0.938512205486567,0.392434356195441,0.652684247328589,0.00219469451593322,0.186070333602376,0.187644646775676,0.416693945609925,0.798297328111551,0.760237069005122,0.827757729859092,0.415044281206811,0.248359637220129
"303",843,"Eastern Bolikhamxay Mountains","KBA",NA,NA,4,0.0142988007680561,0.687500002662177,0.897727281241929,0.739130404631381,0.485207111162774,0.134698275862069,0.234763363976847,0.409590665024058,0.269398031586175,0.196235429973609,0.707282076641701,0.3381299074969,0.0652201765249632,0.0922532508021306,0.0732337398643163,0.0875459843246739,0.286384819118433,0.253242033361825,0.436383535600852,0.436376583236292,0.0781496572816307,0.877078181791147,0.264611101810577,0.545989504970262,0.0815040959013974,0.186587476782956,0.168909932412114,0.624296180184062,0.870859579052737,0.887479439436106,0.789220338849409,0.319533212770476,0.0447744295935402
"417",301,"Gunung Leuser","IUCN",1,"II",4,0.555376662528197,0.627155165161656,0.767045450628713,0.597826028915408,0.633136059085327,0.277298850574713,0.334354783792986,0.258501661979034,0.331197070267796,0.434442580057221,0.886303940986784,0.224399292482248,0.0761257691948934,0.787699740363919,0.876419741543037,0.553516934402361,0.206307211746052,0.313297428028322,0.699282856294046,0.699278788772396,0.474728742141803,0.841945922208984,0.149240370690966,0.383869681877464,0.122156696756843,0.25333430759169,0.370716577465547,0.661364027439016,0.882746233463259,0.298458508451305,0.594169782309485,0.629481712632713,0.760224127214084
"438",668,"Hose-Laga mountains","KBA",NA,NA,4,0.158504706658471,0.474137932870467,0.693181813754197,0.663043427757562,0.650887525689997,0.204382183908046,0.0926115083418454,0.189000720578322,0.126115815976196,0.376472767351068,0.609213471997629,0.513313966402377,0.295123553166878,0.243294860084697,0.166681130014234,0.267825644427534,0.0312553519406511,0.0390666609305066,0.823344948918991,0.823351801368302,0.656940847486915,0.838653046552159,0.250952373722807,0.402555882559415,0,0.0865069304994371,0.44788266572344,0.587949748831719,0.982410405863459,0.826529669658126,0.72778687164134,0.774091725821597,0.354334516500992
"439",858,"Hponkanrazi","KBA",NA,NA,4,0.0783249930345645,1,0.914772724377744,0.489130387294425,0.437869807333357,0.189655172413793,0.136023152877085,0.665279747100253,0.270313572899977,0.326242151000021,0.464378689983037,0.192001347882482,0.060155112489373,0.340736755851941,0.435336414479611,0.214960472564561,0.349740994704058,0.0951030050421259,0.558113638407221,0.558115862751539,0.351250467800682,0.581324029438365,0.242877504317908,0.498162190944325,0.00179374071013773,0.263072629208745,0.129874496374688,0.621798706578225,0.802612122663566,0.673828207026483,0.815878809490546,0.493116822854601,0.206511828496818
"440",1286,"Htamanthi","KBA",NA,NA,4,0.0547535642246924,0.745689648379273,0.596590899384201,0.282608682084121,0.349112414759707,0.132543103448276,0.0294518215866531,0.0170149461890705,0.141680018310826,0.221652916178764,0.183616979562154,0.0839509983723709,0.0794863931961456,0.189402781884064,0.182645754633837,0.128704761025325,0.419920460511644,0.193901331315339,0.639855199723031,0.639837518878065,0.248861724499819,0.946764884766756,0.286574392311669,0.567911579633347,0.0090742177101085,0.300943007741937,0.133210890319167,0.322741320321749,0.933914094338823,0.759675555367875,0.78529252510668,0.513639740847929,0.152972771869168
"441",15,"Huai Kha Khaeng","IUCN",1,"Ia",4,0.0783176032651174,0.57543103090259,0.727272729997417,0.565217364168243,0.485207111162774,0.079382183908046,0.0624787197820906,0.102763766532624,0.130235751888304,0.171334143245486,0.355150381249006,0.185721159981554,0.0659728064765761,0.405305296921939,0.223366626153817,0.090359702124596,0.30698887297294,0.251239215540153,0.386510082041906,0.386498177882424,0.027398661542572,0.854201657915077,0.265336888497672,0.325003337269662,0.000212083460433931,0.247937274735636,0.111278939641251,0.406960859106065,0.858138738355241,0.685543776452235,0.838154361780342,0.268959584635303,0.206495927411179
"446",855,"Hukaung Valley","KBA",NA,NA,4,0.363049883827117,0.92025862812539,0.755681811880972,0.499999965326088,0.443786962868247,0.202945402298851,0.121552604698672,0.425861788428907,0.0423437857633326,0.293497496959495,0.298326496242928,0.144204670699386,0.0221197943538818,0.444154970038162,0.456716418592435,0.219826336283399,0.433544549724945,0.067548375942294,0.591466552327813,0.591444021374594,0.204538001277108,0.766644252920189,0.241598890395538,0.449772816406338,0.00127672132898038,0.273508330646058,0.133819053451024,0.494016321450904,0.928736016628031,0.599304435263002,0.807133727450298,0.466223791704843,0.604012139887097
"447",854,"Hukaung Valley extension","KBA",NA,NA,4,0.762184070773742,0.982758614814506,0.823863644367413,0.586956520231569,0.609467436945766,0.213362068965517,0.150493701055499,0.374723972013668,0.0858319981689174,0.267003393617206,0.261235094722853,0.167079227342298,0.0184641068764558,0.240413416102548,0.22282568590003,0.146986717781309,0.322116418251481,0.14748777664008,0.598038412704859,0.59802566459813,0.239017412734228,0.863819281204487,0.276231246576078,0.523282577694323,0.00549728770577503,0.318041793428796,0.130667522787689,0.542582568695913,0.918490358743802,0.782285569542557,0.778367175364009,0.482229928855495,0.886358064494238
"449",657,"Hutan Rawa Gambut Siak-Kampar","KBA",NA,NA,4,0.167155425210973,0.403017242939897,0.613636372491606,0.304347838147448,0.556212977581458,0.072198275862069,0.030388151174668,0.0269868203900421,0.0423437857633326,0.225209798701567,0.318015658884512,0.0933047428805961,0.0459765548342982,0.302235291707896,0.38763373686331,0.359569764958345,0.112454433166362,0.180522776013764,0.378654827150693,0.378557204627931,0.125575169363954,0.814890522907999,0.626413506391698,0.526275947828535,0.127328156738329,0.15427616023738,0.412346466902987,0.305477219660813,0.663981574103051,0.71131102170764,0.627133938863237,0.296641914247098,0.367913767934486
"477",656,"Jamuna-Brahmaputra river","KBA",NA,NA,4,0.0780057800068707,0.327586212037307,0.431818182499354,0.271739104052458,0.443786962868247,0.0219109195402299,0.0233231188287368,0.0105529857511448,0.022064545662623,0.0620935974024619,0.0846219883907579,0.0626228222703053,0.0125614386275483,0.193841547506795,0.176211617472234,0.057813660407103,0.373470048404078,0.843290460022713,0.126713459186792,0.126679368851892,0.0121533556303148,0,0.276170187481867,0.473656902187715,0.102860689338775,0,0,0.180090796208911,0,0.840329409379084,1,0.0892297840274393,0.205824484993786
"481",679,"Jawaharlal Nehru Bustard Sanctuary","KBA",NA,NA,4,0.70835489979785,0.237068966435233,0.255681826866768,0.184782618494801,0.136094636852772,0.0298132183908046,0.00723527408920668,0.00864693986657679,0.066147859922179,0.0426470929862442,0.0340118704870311,0.0189515752903385,0.0156932455210799,0.275290448203374,0.197811221262738,0.148877471207464,0.28212373713975,0.862098446346991,0.0103899910600368,0.0103417688313016,0.000124341395674876,0.543976218135655,0.237593231527086,0.667630760101547,0.955605761537367,0.378605321181536,0.100163175847702,0.0834056241358996,0.332013015925003,0.706290541621736,0.160066757175876,0.00700632545334395,0.856520374176858
"492",246,"Kaengkrachan Forest Complex","IUCN",1,"II",4,0.0958460230811491,0.622844824189637,0.653409093122902,0.478260878610586,0.544378666511677,0.0682471264367816,0.0469016002723868,0.175054043374166,0.306019684138247,0.1919650147326,0.317029759844901,0.32971663806956,0.251259377688063,0.319670258333296,0.270135918544136,0.240236453121862,0.318162515935013,0.30614569681214,0.411742915779195,0.411665033221499,0.0451115759786948,0.885973962826463,0.306563738604375,0.533640913637626,0.00753371098257845,0.394422210190644,0.111978952544948,0.469711904104436,0.820233849818433,0.711126792955451,0.740689933090731,0.291847532437535,0.242833256867226
"504",653,"Kanchenjungha Conservation Area","KBA",NA,NA,4,0.0150326589389583,0.900862072453887,0.772727255016787,0.369565167641778,0.325443792620146,0.186781609195402,0.136874361593463,0.286395016387346,0.624628061341268,0.207418387227881,0.327930817002833,0.218997362797282,0.0414590053257252,0.588576200089864,0.518436648396714,0.0950069156728195,0.514957999012042,0.245530529398083,0.226751304202305,0.226745001030559,0.0938277521972192,0.506447317543778,0.225051086646931,1,0.0136595465360176,0.332717430001731,0.0775747862368708,0.523956283685557,0.680419795741714,0.266574449199315,0.797452258252803,0.183915891060263,0.046965683297577
"520",296,"Kayan Mentarang","IUCN",1,"II",4,0.881248213316167,0.523706896643523,0.835227253143563,0.858695624284027,0.710059140589195,0.378591954022989,0.136874361593463,0.518839636456614,0.152666514076448,0.39004535682009,0.738870669563178,0.540122864063843,0.119928933785557,0.040139961757374,0.0519677032453902,0.204985383807207,0.0417589379067032,0.0417593976998319,0.932196427723568,0.932208429022347,0.894609147050194,0.761551167612607,0.238712131694123,0.421087365902629,0.00523350230722537,0.0916756289243246,0.492590651784093,0.721091378364084,0.94262482217917,0.949016019919631,0.693022766359007,0.927112325151449,0.94653847594197
"523",1289,"Kelabit Highlands","KBA",NA,NA,4,0.154989024326902,0.48491380659793,0.829545448755488,1,0.721893451658976,0.392959770114943,0.16241062308478,0.642035285093327,0.317006179903868,0.428050928768095,0.855746725164941,1,0.323305513873699,0.120886101209691,0.0982108835374921,0.326848343623954,0.0571996795966724,0.0539849740548926,0.97652230645562,0.976535480787981,1,0.821228684712966,0.227139824110784,0.759561886273219,0,0.0996762001593096,0.502414622869751,0.885429578887912,0.977386659841944,0.743223212172462,0.685080201361242,0.992317056109643,0.348706551597866
"528",299,"Kerinci Seblat","IUCN",1,"II",4,0.94929947539999,0.618534483217617,0.721590895637752,0.576086942199906,0.639053214620217,0.24066091954023,0.244977868573374,0.507217405453151,0.340810254062715,0.387537038864074,0.670704371463046,0.29801732912187,0.0670632821752103,0.958778663360933,1,0.677500373771263,0.12169670581065,0.348420031012493,0.708987409264252,0.708972706395784,0.54499451495098,0.76851443555706,0.351310614297454,0.619456485628066,0.152389879883736,0.191235133143834,0.587580758140432,0.643605689594769,0.699806628944022,0.175451946266032,0.47747091217274,0.659611680023448,0.977883850973563
"529",833,"Khammouan Limestone","KBA",NA,NA,4,0.0126870059728797,0.624999994675647,0.857954530639043,0.630434763010397,0.467455585007808,0.123563218390805,0.225400068096697,0.100206875711862,0.78484779125658,0.195599031111672,0.7876569211834,0.197471529329885,0.201149521974571,0.197926391866335,0.297871909837621,0.0731969123806368,0.373497919897949,0.330459363621084,0.454686949446606,0.454675315382896,0.0797593916682353,0.894069014372102,0.290111000231938,0.569249189584732,0.0720001190199718,0.300945539934912,0.114648202274912,0.628470297756902,0.820371734666494,0.75231271062192,0.757306130289129,0.33237359000519,0.0399270594883011
"534",681,"Khangchendzonga National Park and Biosphere Reserve","KBA",NA,NA,4,0.0459292466897708,0.911637924883936,0.744318173133232,0.347826080926276,0.337278103689927,0.200431034482759,0.147940074906367,0.293368354989424,0.688715953307393,0.220920381536973,0.377468565675203,0.337117881889846,0.096330859028844,0.399899369026811,0.339560768069863,0.14971289780674,0.502901805433433,0.256949761247178,0.253532820430154,0.253529175537591,0.0974044345646074,0.610930012764129,0.234627600180071,0.641084206243385,0.00356637858839148,0.266808928505491,0.0837912704600213,0.563823710825804,0.729588736972003,0.57468266979686,0.841473512168758,0.203117501120883,0.131323348136307
"536",200,"Khao Yai","IUCN",1,"II",4,0.0272078158596389,0.336206893981347,0.607954538131941,0.380434745673441,0.461538429472918,0.0244252873563218,0.132618318011576,0.103461100392831,0.173266193636988,0.0931353788374895,0.390254065559889,0.247857147628079,0.224069984292153,0.340714072742854,0.27599118278957,0.143637851710959,0.289522888554413,0.498830326586884,0.44465089880451,0.444631624018312,0.105738807809006,0.650396708965072,0.221672976671134,0.408562866803144,0.0638543203985987,0.329659560703022,0.09541753444161,0.363598360300439,0.61800829796961,0.727274199330235,0.756462386479151,0.334356063536781,0.0819597501092987
"540",247,"Khuen Si Nakarin","IUCN",1,"II",4,0,0.627155165161656,0.744318173133232,0.586956520231569,0.550295822046568,0.0711206896551724,0.0764385427306776,0.139954905743707,0.384298466468299,0.178433045533799,0.468617495373414,0.186568787993876,0.154822786506481,0.282458626179232,0.216104396936518,0.100147175346876,0.309267325885412,0.263759528372565,0.385038445342643,0.385020762635816,0.0566518895843966,0.905598142960073,0.276828154684997,0.4938715880286,0.00284888230433639,0.228285729810882,0.11715666319781,0.493806809513366,0.874266849845286,0.8068519356903,0.845179716730092,0.27779860382438,0
"549",231,"Kirthar","IUCN",1,"II",4,0.0911255007445603,0.105603460301557,0.130681800641626,0.0434782427788284,0.165680474077518,0.0114942528735632,0.0155771195097038,0.0103670300550894,0.249713893339437,0.0216466943212938,0.00825039026201769,0.00265085628567346,0.0324169356952044,0.860296458106411,0.759328039283823,0.226822637778642,0.277868834636464,0.349742231529887,0.00260018486148253,0.00259854751292131,5.95833703927091e-07,0.845016067985618,0.247705334398551,0.64010655420977,0.152580016399011,0.0817691939750527,0.122023973080006,0.0520623083909448,0.805100390482906,0.354444753361511,0.840081561164882,0.00174516398686607,0.233309296341849
"570",675,"Kurseala River Course and Diyara Floodplain","KBA",NA,NA,4,0.0285735886483311,0.232758625463213,0.130681800641626,0.13043479768431,0.218934873891531,0.014367816091954,0.00476676881171263,0.0046721368633923,0.0187685969329366,0.0494387642368753,0.0145378739238062,0.0161963753460456,0.00796045209584053,0.428263359830255,0.333110601465734,0.198575057786911,0.337430388003658,0.896474415996753,0.0567244636131772,0.0566738511271422,0.0296293193632548,0.040938488923277,0.241202839324293,0.65893605940641,0.00926414319706426,0.285172128332303,0.107768897866495,0.0580839787371981,0.0133818619430786,0.592786839120837,0.811170245901693,0.048059750543922,0.085733903089989
"573",664,"Kutai","KBA",NA,NA,4,0.0328681521484679,0.379310346296373,0.556818178752906,0.0760869075259935,0.502958577767445,0.0926724137931035,0.0464759959141982,0.0207108156481718,0.040512703135729,0.241604307610168,0.354172662076159,0.0122719146540782,0.0324037729629449,0.470021411044979,0.426702072351922,0.546848733450284,0.124581410575831,0.4307828226455,0.492265936317872,0.492250221938832,0.309850384459813,0.780741614687122,0.580419667085203,0.566035840217092,0.295350592425075,0.221722080963818,0.710286893715118,0.256258559575865,0.523568984741118,0.565523540558071,0.290653876324235,0.434945341228778,0.0974155935260307
"575",848,"Kyaukphyu (Wunbike)","KBA",NA,NA,4,0.0579424533492661,0.49784482951399,0.306818186245803,0.141304306368148,0.278106488790729,0.0477729885057471,0.00587334014300306,0.00599707119778713,0.0601968413824674,0.162087093013921,0.0485337117824649,0.00867573327220426,0.0402508815305139,0.281042061035115,0.295376203019795,0.225668426939295,0.401872942142,0.443416311836666,0.277191914096414,0.277116847515405,0.0323863190939998,0.960191521610456,0.239615729503756,0.365068498016724,9.60178850720783e-05,0.3426096638578,0.118305117645254,0.157656424422577,0.822527749747028,0.655342230420136,0.774075014852443,0.197145776267783,0.160567005606502
"610",654,"Langtang National Park","KBA",NA,NA,4,0.0223245310825515,0.821120700579277,0.545454540005165,0.260869526020795,0.0828402370387592,0.149784482758621,0.0883554647599591,0.161339810790079,0.348134584573129,0.186756801594921,0.235358905843978,0.118465700564147,0.0237215725883587,0.246629517900157,0.205578801686486,0.117525940589966,0.739692952248985,0.275778305646654,0.183854936032744,0.183852463311392,0.0599195089199023,0.35196955756497,0.234290611943061,0.506484434764777,0.00399898664201293,0.130159093001777,0.165426513200103,0.343548751903467,0.566185694133362,0.678408773356958,0.875904421831843,0.143693935637782,0.0682226374206498
"612",667,"Lanjak Entimau Wildlife Sanctuary","KBA",NA,NA,4,0.0167887580879559,0.42672413958342,0.647727258763236,0.728260826599717,0.668639051844963,0.130747126436782,0.067926455566905,0.198530950001162,0.17418173495079,0.279350772586052,0.456427478674258,0.480054785594982,0.132416734476266,0.245652541778953,0.117727131470532,0.165953866247061,0,0.15797912946704,0.835120417246516,0.835044387723245,0.705883924669938,0.863481456828522,0.166157051149427,0.565121658320181,0.112224965473129,0.0228305640478929,0.718767280260389,0.522895548233375,0.976939882626318,0.879319192821059,0.526284925937892,0.798424112501458,0.0521698661521216
"625",1257,"Liguasan marsh","KBA",NA,NA,4,0.0281006513709961,0.269396545022797,0.147727273749031,0.09782606358932,0.272189333255839,0.737787356321839,0.23391215526047,0.0683619627623719,0.123369192034791,0.94773478155501,0.660421987269321,0.282911509229504,0.188713939045268,0.56632947516508,0.50887949679018,0.367162923618306,0.862813265003606,0.62226208914567,0.412900979875462,0.412844710956445,0.202411501728257,0.492813350012613,0.204783740545203,0.615478814207822,0.40610669528492,0.32007245956916,0.128445175820655,0.475642859754797,0.46245356563012,0.31432157677556,0.52577931783995,0.345490741101391,0.0844302820213341
"636",841,"Lomphat","KBA",NA,NA,4,0.082146827452757,0.446120695254923,0.52840909686935,0.467391300578923,0.402366874124015,0.0833333333333333,0.0840994211780729,0.0276841542502499,0.0473792629892424,0.128206687680512,0.182672962626455,0.078109913560379,0.0367205146683829,0.316072013159059,0.215784051291327,0.168850876132425,0.254163407130716,0.15243384944735,0.31198170968964,0.311926950538778,0.103466141644393,0.780861853116516,0.408368473297358,0.632193310457111,0.00103298362072049,0.11440604300569,0.167868348774346,0.276763597626881,0.788899211559416,0.711728769380614,0.886172267648161,0.244418526814051,0.214667201025983
"637",663,"Long Bangun","KBA",NA,NA,4,0.138582586613296,0.459051718170983,0.579545456248386,0.293478260115785,0.514792888837226,0.18426724137931,0.0526898195437521,0.128100230120174,0.0331883726253147,0.311103322084897,0.432196328100994,0.105205365599279,0.0404780521167326,0.33743143164717,0.311566632738048,0.498947591380482,0.0687713487486142,0.0501500990744121,1,1,0.975921580692202,0.811607617189079,0.318236428344643,0.407685900008585,0.0115343858511421,0.0963633771843828,0.992744380951566,0.35820990112576,0.920328346534245,0.676446164798738,0.370588605177682,1,0.321553336111187
"644",830,"Lower Central Basin","KBA",NA,NA,4,1,0.456896547684973,0.664772731870642,0.413043479768431,0.609467436945766,0.407327586206897,0.0563500170241743,0.0159224564747449,0.468986037994965,0.095726906994268,0.278291843868621,0.0875453402210336,0.157028486058289,0.23986934529166,0.163932231703079,0.0759701553624037,0.240503244199866,1,0.141533351488675,0.141479800703021,0.0157121201600804,0.28069394159074,0.291628212163468,0.468251122588156,0.0920515023053261,0.41104791632344,0.0976973154374706,0.433846365789115,0.063915702509737,0.861609063350945,0.685896526755265,0.100378987122544,1
"674",655,"Makalu Barun National Park","KBA",NA,NA,4,0.0256695114621133,0.898706901967877,0.613636372491606,0.336956502894613,0.0887573925736494,0.165229885057471,0.0730337078651685,0.10718021431394,0.044632639047837,0.193741306011856,0.266781504275302,0.130781243072981,0.0256471339576689,0.501114996862018,0.496296200160585,0.162675811400377,0.765433756822944,0.277407747419365,0.251077694507712,0.251072112974861,0.11384290940097,0.715003109022828,0.208701830963889,0.731702498816031,0.00896870355068863,0.383592825589676,0.114869836350715,0.333444330158702,0.794101922172708,0.360766092697563,0.744792416821394,0.206990690908898,0.0776737443716865
"679",849,"Mali Hka Area","KBA",NA,NA,4,0.265123212506121,0.905172413425907,0.732954534385492,0.358695658957939,0.378698192434159,0.161637931034483,0.188798093292475,0.16738337091188,0.0588235294117647,0.280648625771413,0.766600151955689,0.265250715784157,0.0244583745634706,0.595056287778181,0.610602383281098,0.342943317232928,0.538155502477615,0.0768723052890712,0.623337705796648,0.623337070780489,0.365685540554645,0.703875040140617,0.237724137533505,0.523468128201729,0.000349251867679757,0.210986893941508,0.149870856578943,0.50954846212167,0.888559366516053,0.43405831195429,0.837032335602077,0.541801114388543,0.500063344571907
"699",1336,"May Hka Area","KBA",NA,NA,4,0.663952037092203,0.99137931805596,0.982954526892594,0.608695606947071,0.508875733302335,0.175287356321839,0.340313244807627,0.630413054089863,0.294575417715724,0.250659190293914,0.883033788324437,0.307242005070295,0.0640484016724509,0.457928474361731,0.462744351255776,0.273011077895226,0.353510357286886,0.157254728352824,0.554581505730081,0.554581023617203,0.353420824998919,0.647944642274389,0.235259059980102,0.287016683217549,4.52655743911226e-05,0.141373024059146,0.148671164591019,0.738629040481355,0.809730856902864,0.506141870603294,0.881894058554982,0.491471408439413,0.830463068462591
"728",853,"Momeik - Mabein","KBA",NA,NA,4,0.0783331720472264,0.70689655833368,0.568181817500646,0.315217346831286,0.378698192434159,0.0811781609195402,0.0258767449778686,0.0100880965110063,0.0991073472190433,0.165081430182736,0.206763642273493,0.0461174436536949,0.0663694098632598,0.620594952877045,0.465133814191552,0.242489939863728,0.419102312387708,0.316044774986915,0.505317165284119,0.505308159592913,0.235966294154846,0.991282296077188,0.34887263850965,0.379645357149265,0.0258114012480848,0.487764268374091,0.121526058905677,0.297345463275401,0.851506860124319,0.500023621998937,0.664256563101032,0.418891484774015,0.206529427251254
"729",836,"Mondulkiri - Kratie Lowlands","KBA",NA,NA,4,0.241065993109891,0.510775873727463,0.57386362188872,0.499999965326088,0.467455585007808,0.271551724137931,0.0559244126659857,0.0709188535831338,0.298695353627833,0.139525209628326,0.187454787190741,0.0821902527585318,0.0862295877980856,0.320033902115061,0.199971393156731,0.206756990472823,0.27096837924538,0.175995668783153,0.373236692429377,0.373229405629706,0.155670005573946,0.788328721129734,0.467580030781414,0.467308893898907,0.00204697469274541,0.126559199124943,0.149843227466022,0.372686754631736,0.744548072693381,0.777389528356874,0.889236730563137,0.303143745734874,0.470759258295107
"742",1252,"Mount Hilong-hilong","KBA",NA,NA,4,0.044721254862454,0.265086204050777,0.147727273749031,0.282608682084121,0.284023644325619,0.709051724137931,0.777834525025536,0.230608307570721,0.242389562829023,0.904133793041447,0.62354361240324,0.203021011498091,0.315018359296196,0.590136070674258,0.45531877649174,0.173483317047728,0.96194492429673,0.513228591787713,0.400559792430288,0.400501048526179,0.107929444199698,0.804564773162146,0.0897224929104953,0.648082902041051,0.059103228828241,0.132867141575412,0.134868278597116,0.600732935737287,0.778035687158658,0.332716840470431,0.858712266755849,0.305446963360373,0.128283876006328
"743",1253,"Mount Kaluayan - Mount Kinabalian Complex","KBA",NA,NA,4,0.0420847114895764,0.29310344166632,0.210227271875807,0.336956502894613,0.266272177720948,1,0.957439564181137,0.302666139792195,0.255664911879149,1,0.970315715195989,0.329598578566812,0.174384247659837,0.315748753946328,0.270438635487477,0.162988688839635,1,0.52195849156652,0.533059550222934,0.533057953187212,0.202048818978042,0.725428651896137,0.133027146170616,0.404997256370585,0.0433607272711158,0.199677506146508,0.135199254356454,0.746379363528521,0.700783814997288,0.514306855892211,0.826289320173866,0.426141254402588,0.121583797081805
"765",850,"Myinmoletkhat","KBA",NA,NA,4,0.509220596818711,0.63577586840311,0.670454536258717,0.532608699421077,0.550295822046568,0.0682471264367816,0.0721824991487913,0.0339601589921201,0.341725795376516,0.194134421415498,0.359896835936625,0.163226628792587,0.131652325342143,0.270804265583572,0.298459331789805,0.145991478153169,0.316015183251189,0.26939463701419,0.416830997845982,0.416808311339216,0.0437111562874029,0.964306464706648,0.298024096788009,0.549635200241598,0.00428387487244657,0.338142015198604,0.11861759218505,0.439454532233599,0.893040702136159,0.737024899335529,0.774054398143822,0.294815002400949,0.727021174088355
"770",842,"Nakai-Nam Theun","KBA",NA,NA,4,0.0929869090977858,0.62931035694508,0.846590891891303,0.771739069378546,0.514792888837226,0.144396551724138,0.19986380660538,0.453755142837219,0.670405127031357,0.199640993054376,0.696469050306517,0.357637902677583,0.301437022354103,0.0545841288992416,0.0332169993778292,0.0392982667703655,0.275102337056173,0.236953771277603,0.478181163064679,0.47817725695121,0.0614896222645115,0.881491583089837,0.284113722724933,0.536778893572586,0.0278984713214097,0.251503715915143,0.140768695034225,0.705683946257755,0.871565745091662,0.934249987249677,0.799837278800632,0.342026546791959,0.237086930618875
"772",831,"Nam Et","KBA",NA,NA,4,0.0688270715052431,0.616379312731607,0.681818175006457,0.510869543357751,0.272189333255839,0.0876436781609195,0.0662240381341505,0.0402361637339904,0.0313572899977112,0.184907195872646,0.289979594257681,0.132242503670835,0.0141727545281711,0.107373701723077,0.0716895112754157,0.115347693764654,0.457242537142314,0.235829818771602,0.412926054526086,0.412923336783526,0.365906091693322,0.968989669807395,0.303970832467061,0.497691360776371,0,0.142285865751488,0.16467967503067,0.331208337866235,0.912064275495916,0.851755758296653,0.871248439587142,0.400464841915231,0.185636662238344
"773",832,"Nam Ha","KBA",NA,NA,4,0.0782645604393603,0.687500002662177,0.784090893764527,0.586956520231569,0.390532503503939,0.076867816091954,0.0985699693564862,0.0539503963180772,0.0775921263447013,0.178752258245577,0.306284545354881,0.145143026886831,0.125580055007833,0.424288510283739,0.309073571699472,0.321635377932643,0.424235971309635,0.223563308012506,0.427938107220917,0.427930610110421,0.136736570888759,0.984691816583664,0.279148020956452,0.545341676086039,0.00819845018692361,0.294814642867221,0.104953494293263,0.407701545975857,0.943155369900674,0.604453484521084,0.807535880788829,0.333544198334806,0.206381776301658
"774",847,"Nam San Valley","KBA",NA,NA,4,0.081530301508346,0.681034491204147,0.596590899384201,0.347826080926276,0.260355022186058,0.0732758620689655,0.0205141300646919,0.0148067222984124,0.00521858548867018,0.173366739511077,0.202624020798103,0.0493244569240545,0.0209996323376507,0.268740658940832,0.268054604137514,0.365442445409681,0.470773750900205,0.326471001615855,0.404669865688596,0.404667063974515,0.242401678633073,0.986532916838294,0.180992188901558,0.741490966613697,0.00621478398983012,0.590312561586705,0.12332120391652,0.268042806736198,0.941441101368059,0.521646726242081,0.610797346614325,0.353414828342746,0.213360744744064
"775",1303,"Namdapha - Kamlang","KBA",NA,NA,4,0.0566435536121871,0.92025862812539,0.710227256890012,0.434782566483933,0.331360948155037,0.231681034482759,0.130064691862445,0.514190744055229,0.0514991989013504,0.346713767848076,0.401293676927193,0.315589183979763,0.0276079803902738,0.383029171964477,0.483579214295391,0.207001024683538,0.360784778050464,0.129891329776397,0.585214138924617,0.585216410984622,0.346833845722033,0.745695819656394,0.248778595740142,0.552089944805907,0.000374575265940525,0.267288754792891,0.124809284939475,0.52607717577443,0.875453822992127,0.614024069660852,0.81730964708019,0.509845934652831,0.157487903381669
"778",672,"Nara Desert Wildlife Sanctuary","KBA",NA,NA,4,0.439183747206718,0.0668103489585501,0.119318191865476,0.0543478208104916,0.0887573925736494,0.0114942528735632,0.0223867892407218,0.00197577927058878,0.0652323186083772,0.0117020942205039,0.0102653756208286,0.0011287218200441,0.0167806760728844,0.680582145223159,0.496954601221261,0.0393024139188868,0.128325680368893,0.377464911144995,0,0,5.86727710688411e-06,0.879047917070464,0.292372202644261,0.621427631340496,0.464806015910902,0.170497360683122,0.123150498521965,0.00916936557435888,0.782509944425146,0.600336796205938,0.586444687287274,0,0.671909683698889
"810",1255,"North Eastern Cagayan Protected Landscape and Seascape","KBA",NA,NA,4,0.0346124102349156,0.254310351620727,0.119318191865476,0.184782618494801,0.142011792387662,0.691091954022988,0.268811712631937,0.328235047999814,0.301441977569238,0.893685327534142,0.226096012225974,0.134731875953816,0.187428784777399,0.442783148406076,0.133516397673828,0.0860317289183175,0.856305723316411,0.456678713522754,0.532211407762435,0.532010304246864,0.029434540574905,0.838805224651804,0.31026328821894,0.727910110584461,0.0588136979747929,0.118318832684014,0.127957511912094,0.436543774330021,0.701620235069568,0.485683859205043,0.872431524259277,0.367500457212899,0.102081819601573
"826",1256,"Northern Sierra Madre Natural Park","KBA",NA,NA,4,0.162054965681366,0.256465522106737,0.130681800641626,0.163043462431475,0.147929007472847,0.691091954022988,0.369254341164453,0.277097231584575,0.336232547493706,0.895845743466381,0.309639327282049,0.195594076601392,0.251484336258403,0.484162361809157,0.203882260229222,0.131578681457176,0.77856605866616,0.388199529396705,0.498406001890995,0.498298031831518,0.0140775487748444,0.797003423071796,0.271551339948996,0.407656714101292,0.0125140848213556,0.101440750161822,0.122863799939697,0.474857652241199,0.74013073485682,0.561394533320035,0.915497870816472,0.339651997085733,0.359953023095926
"864",828,"Outer Indus delta","KBA",NA,NA,4,0.202144205472036,0.103448289815547,0.136363635001291,0.0434782427788284,0.183431940682189,0,0.00774599931903303,0.00139466772041561,0.0601968413824674,0.0308677231054478,0.00812507146571605,0.000429707233088163,0.0131650693846168,0.856298302744665,0.579219616429369,0.159271886513678,0.458078871462347,0.313048287072432,0.00217679821475978,0.00214530356095876,5.84338249047983e-06,0.942891229656762,0.244817806075266,0.657628916565609,0.27693088010099,0.11369286646378,0.12276968887705,0.0246890904142893,0.886054326327767,0.365731256277373,0.741031478244874,0.00145235224963486,0.419294214419721
"926",851,"Paunglaung Catchment Area","KBA",NA,NA,4,0.0565304144263795,0.696120684606216,0.579545456248386,0.369565167641778,0.408284029658905,0.0808189655172414,0.030388151174668,0.0214081495083796,0.118791485465782,0.170258029120434,0.191866311860919,0.0794368420854739,0.0536034697655713,0.339780187886717,0.296398793014668,0.190492552494095,0.389883046095113,0.53564048421076,0.347087640390984,0.347075464715451,0.0969735068293574,0.825414391542597,0.200550198522196,0.549600648693456,0.061063154339465,0.575412513747336,0.120536647659102,0.314445774563109,0.711844548121829,0.681171885985258,0.587354038618287,0.265844473044837,0.157218783912752
"951",1337,"Pulau Nias","KBA",NA,NA,4,0.177410211668798,0.0474137932870467,0,0.0869564855576567,0.130177481317881,0.0290948275862069,0.074736125297923,0.0544152855582158,0.248340581368734,NA,0.0650276028826271,0.0593015143989086,0.30240696138113,0.917962384613486,0.606811504877008,0.563969699778571,0.675630009463825,0.645625227517381,0.528821564797721,0.528467253240258,0.152091691694404,0.605124631234578,0.196461179629847,0.915841110562425,0.324247438722916,0.343056856074643,0.15095022307689,0.104488007969172,0.519740333516047,0,0.548721791361993,0.406387397668405,0.383538469971585
"969",674,"Rajiv Ghandi Wildlife Sanctuary (Nagarjunasagar Srisailam Tiger Reserve)","KBA",NA,NA,4,0.269958882667388,0.185344832176167,0.232954549371287,0.206521705210303,0.10650885917832,0.0233477011494253,0.0175348995573715,0.0525557285976616,0.300526436255436,0.0554522277287022,0.0405254126423454,0.0236673416734056,0.0404643954640599,0.118359624637055,0.0665779320947564,0.0366805488967576,0.359683853012658,0.635014245175795,0.09462508473968,0.0945924776131875,0.0145387581574635,0.596791108230581,0.231785194879382,0.538089244238168,0.00282777947245242,1,0.0227432770004245,0.115982550771417,0.50027784065161,0.879474420333315,0.417944263757049,0.0684664731311911,0.505748018945707
"971",673,"Rann of Kutch Wildlife Sanctuary","KBA",NA,NA,4,0.705872386650213,0.14655172083316,0.170454551244512,0.0543478208104916,0.183431940682189,0.00969827586206896,0.0215355805243446,0.00197577927058878,0.023575188830396,0.0208257702050966,0.0127943620100005,0.00118933578318072,0.0135709469151246,0.494690902910041,0.338468525541052,0,0.12226517429095,0.292845976217828,0.00301733000116043,0.00300252498802761,2.0733634361101e-06,0.880244415595663,0.205511802799696,0.582325350256776,1,0.180277917891492,0.123161534724172,0.034031798974989,0.884205933028525,0.740757546944567,0.242661856995023,0.002021583154522,0.855099518690801
"974",661,"Rawa di Pesisir Kapuas","KBA",NA,NA,4,0.460702528809396,0.34913793819482,0.51704545812161,0.141304306368148,0.538461510976787,0.0829741379310345,0.112189308818522,0.0179679691313545,0.0136415655756466,0.218079332433851,0.304671625120257,0.0326731884095358,0.0306014129589141,0.518391978787673,0.294253220810627,0.759248523399041,0.0694632563696426,0.288681296558097,0.592091731205432,0.592043736885212,0.448247912302704,0.83743441525393,0.581179930808669,0.730758321830801,0.0979452067080416,0.163313508401409,0.289619237897346,0.256618771491456,0.640199490715019,0.447009622473775,0.717385836832217,0.548529484809555,0.689511243141048
"1048",234,"Samar Island","IUCN",1,"II",4,0.221486805237177,0.168103446990673,0.136363635001291,0.152173884399812,0.20118340728686,0.511494252873563,0.165815457950289,0.237581646172799,0.441519798580911,0.706508327303033,0.247111064431577,0.0998544974479923,0.24009332037611,0.626704663254508,0.451254454222797,0.16770017615133,0.850803092038112,0.550017228902408,0.373871658834983,0.373847682934401,0.0775390168957221,0.745825396241038,0.0258575358119669,0.292138873766917,1.92035770144157e-08,0.144114941581007,0.147468276461575,0.380969909586368,0.759387994450529,0.343506689184064,0.880951763976536,0.27731043848717,0.445545391006658
"1057",662,"Sangkulirang","KBA",NA,NA,4,0.0248321037283511,0.387931028240413,0.539772735617091,0.0217390867155019,0.461538429472918,0.096264367816092,0.0960163432073544,0.0211757048883104,0.0127260242618448,0.241941438356431,0.3341128933223,0.00566807271874352,0.0243655837942515,1,0.862836244549096,1,0.20249549297902,0.189388670406858,0.806516782589704,0.806496950317584,0.734573096795167,0.814514131257925,0.37857648220069,0.334019593499724,0.418755521687855,0.178215658307822,0.645946982040475,0.241485755017316,0.804499950694781,0.0758598579016154,0.28083934540457,0.788860031163757,0.0753247230258624
"1065",298,"Sebangau","IUCN",1,"II",4,0.331756078343945,0.383620687268393,0.51704545812161,0.391304323705105,0.502958577767445,0.0862068965517242,0.0386448757235274,0.108574882034355,0.00599679560540169,0.220283703697416,0.308380322628496,0.127009406965235,0.0301277825531413,0.2000170986804,0.13070277726416,0.420874409401215,0.1229341272207,0.0905237708285685,0.686139128123706,0.686014682622106,0.480559900697944,0.813739247792885,0.429954340451917,0.283615832638244,0.15990808028488,0.0730437391415966,0.540716984277278,0.303972447500605,0.832010685595401,0.706995921694376,0.576846944835824,0.622567311236286,0.573126291419024
"1102",680,"Simlipal National Park","KBA",NA,NA,4,0.0405026393830228,0.310344826851813,0.210227271875807,0.22826086127363,0.171597629612409,0.016882183908046,0.0113210759278175,0.384021756816438,0.00338750286106661,0.0733482379330461,0.0477198587529685,0.048185373093346,0.00443681211521363,0.139991829929354,0.0665534936435301,0.0828048841764906,0.493290261758129,0.595769992384455,0.303247431405267,0.303244421645501,0.0372525181045878,0.750322042037627,0.242994145340348,0.196548886274303,0.0151477182404754,0.837224676262163,0.0859459414054767,0.145375583273634,0.607209757692011,0.683730507857225,0.472984228968735,0.21631610766943,0.117518979772285
"1110",837,"Snoul / Keo Sema / O Reang","KBA",NA,NA,4,0.0613075789466114,0.553879304745077,0.624999981267756,0.565217364168243,0.508875733302335,0.306752873563218,0.0781409601634321,0.0957904279305455,0.300526436255436,0.17453326438517,0.258678946110931,0.153357936975625,0.250406850393356,0.374960768475174,0.278400824398283,0.365826058055625,0.315084440965848,0.205293405811223,0.455543927022757,0.455540208112011,0.230546773669643,0.894862280674409,0.584080479053761,0.656478718719644,0.0554192019520964,0.126474863223857,0.130894603265132,0.4547845226093,0.721423499571991,0.583100385150043,0.867575147319623,0.383621429995811,0.168455396716708
"1124",846,"Southern Cardamoms","KBA",NA,NA,4,0.387588262166439,0.41594828715337,0.522727262509685,0.445652144515596,0.449704118403137,0.109195402298851,0.0366870956758597,0.148090467446131,0.430991073472191,0.140637939853909,0.17266306929785,0.173091114690639,0.0472512963717374,0.307989810501637,0.337166772671028,0.336687651979585,0.374927496215154,0.174376658719818,0.612057824847433,0.611981692898011,0.277776662304243,0.907257734095772,0.408438575697048,0.508844784509193,8.04017894779381e-05,0.0849287325560738,0.12928531429725,0.352777842274358,0.850374688783769,0.6627499399655,0.929706372525672,0.504654854975424,0.626939091146198
"1153",280,"Taman Negara","IUCN",1,"II",4,0.215964345400256,0.553879304745077,0.869318169386783,0.760869560694707,0.733727762728757,0.161997126436782,0.106230847803882,0.253852769577648,0.450675211718929,0.27825828240562,0.670438422290743,0.4611000090026,0.622931965789175,0.295557814475133,0.268882438248157,0.121468488004578,0.139452701248912,0.154007636617599,0.754312275641226,0.754279512440754,0.543002437017441,0.862374989369747,0.129866894137025,0.423027635097408,0,0.0856713206928226,0.145494213709807,0.723666074453775,1,0.803443069419714,0.919063908115464,0.689397333591803,0.438192732356092
"1155",857,"Tanintharyi National Park","KBA",NA,NA,4,0.147295982279536,0.609913801273577,0.636363620015496,0.467391300578923,0.538461510976787,0.0714798850574713,0.0424753149472251,0.0934659817298528,0.203479056992447,0.202103106810757,0.2697994843752,0.316781771143228,0.183148189145016,0.300212791973315,0.276990638798195,0.208167460179287,0.302432580975887,0.223473652629654,0.453861964153293,0.453823819652615,0.0406177249068531,0.984648411077219,0.325064253943517,0.516344363361776,0.00142444115216819,0.358852426100159,0.123067831796939,0.423823399871175,0.916140626780036,0.739467678363503,0.759986548012282,0.318657426069171,0.336161309112249
"1156",281,"Tanjung Puting","IUCN",1,"II",4,0.183849850345628,0.35775862013886,0.49431818062613,0,0.443786962868247,0.0912356321839081,0.049625468164794,0,0.0029755092698558,0.229628819630393,0.29067896130353,0,0.0243193726200035,0.338978665448244,0.217259187455545,0.445672851296399,0.0769522388181692,0.135856514121699,0.571855396748802,0.571796829869221,0.42231144027112,0.697404778696399,0.223042017968425,0.341115708913021,0.258025591615254,0.0633585137955868,0.39952384771625,0.207559884357046,0.858657414976189,0.679042141851752,0.610129063278459,0.526210400567756,0.393101659134698
"1171",245,"Thap Lan","IUCN",1,"II",4,0.0299054582622128,0.34698276770881,0.568181817500646,0.369565167641778,0.426035496263576,0.0251436781609195,0.127511065713313,0.106250435833663,0.0986495765621424,0.0964958787393888,0.278818278065213,0.172797523810053,0.187358182617706,0.300895610015516,0.277265173402124,0.144391782477854,0.291931271116606,0.427379856966107,0.525778769840367,0.525748596630835,0.360352392521407,0.732838773598835,0.220147238230952,0.307579726306559,0.088720947863238,0.414563411861551,0.111377780110891,0.314930981358765,0.709540590514221,0.678821799695549,0.677150077976862,0.474433427449216,0.0893865994657942
"1177",14,"Thungyai Naresuan","IUCN",1,"Ia",4,0.149513555968225,0.627155165161656,0.744318173133232,0.597826028915408,0.550295822046568,0.0826149425287356,0.064521620701396,0.172497152553404,0.0981918059052415,0.185801313729696,0.435392942153584,0.227276054456134,0.0858192670159581,0.281762067088151,0.243586150216748,0.123466191689308,0.340315780750433,0.151808054820905,0.395784665500005,0.395761900004057,0.0381946618297166,0.979963208728076,0.28246517194568,0.623670784699687,0.000444214611157637,0.208114207730671,0.123927916513055,0.454856614449497,0.980676544041334,0.706387209821444,0.855149642563906,0.278816821429558,0.339810610631934
"1216",16,"Um Phang","IUCN",1,"Ia",4,0.0521082850955451,0.588362075116063,0.732954534385492,0.554347786136579,0.455621273938028,0.0801005747126437,0.0636704119850187,0.122521559238511,0.0423437857633326,0.182676751259392,0.42048433026839,0.200734747616302,0.0874228723685639,0.363776318540196,0.259784694149356,0.123486291141645,0.331439769732643,0.188195318439879,0.397257043504298,0.397250614095388,0.0353930606071132,0.939642419821156,0.296866030251562,0.607427898900056,0.00642581230866986,0.236233173556003,0.123504037551282,0.410246153386201,0.927018712596664,0.68895090872313,0.83390602362929,0.278870415310696,0.146582625555578
"1223",844,"Upper Srepok Catchment","KBA",NA,NA,4,0.238300113883345,0.508620703241454,0.539772735617091,0.554347786136579,0.461538429472918,0.0980603448275862,0.0589887640449438,0.0676646289021641,0.0812542915999084,0.174814761442182,0.226290187477938,0.159881821967181,0.0584949335641017,0.33706080525386,0.289514600695937,0.198334897626681,0.254045894106895,0.181014723243161,0.341313986134557,0.341298456848657,0.130265343291194,0.787926112537463,0.288496955633868,0.574813963622737,0.0699224397068352,0.160444148729013,0.161379213548649,0.339293943736684,0.846824509691476,0.707903740500542,0.817768128635109,0.273150182087808,0.467275073627887
"1225",834,"Upper Stung Sen Catchment","KBA",NA,NA,4,0.291188349130595,0.35560344965285,0.477272707518724,0.336956502894613,0.331360948155037,0.0621408045977012,0.0391556009533538,0.339857279003278,0.0354772259098192,0.100912954427076,0.136785089264997,0.0621275492996991,0.0449811521933814,0.384815906850733,0.175619950481478,0.0919523085127583,0.234030379668781,0.222026351838841,0.38014954679074,0.380142696453288,0.194688660154276,0.861301965631545,0.462102287086432,0.569869747141767,0.0203844914866428,0.211222568263543,0.189935789379006,0.251886562369037,0.763641740401232,0.768858916952899,0.798971827182964,0.320901237832872,0.529953210504553
"1248",195,"Virachey","IUCN",1,"II",4,0.124023303554255,0.612068971759587,0.704545452501937,0.782608647410209,0.556212977581458,0.260775862068966,0.155600953353762,0.199925617721578,0.185168230716411,0.17304319101253,0.278305439283852,0.271278357465195,0.0784221072617988,0.318652341358906,0.329411514650914,0.207270997576756,0.260572985594423,0.0702449088903828,0.548220459525073,0.548171913530084,0.190889566100032,0.931300569514157,0.448765592502942,0.365864469643851,0.00151940389564607,0.0715224114774387,0.17577422681338,0.505464925607692,0.902111779889866,0.682360620800849,0.907929775814457,0.432564694650183,0.296129597599713
"1290",678,"Wild Ass Wildlife Sanctuary","KBA",NA,NA,4,0.270636214542301,0.176724150232127,0.187499994380327,0.0760869075259935,0.0473372442791222,0.0193965517241379,0.02170582226762,0.00174333465051951,0.0124513618677043,0.0338781404313742,0.0295762995970624,0.00206846222272426,0.0221902947484107,0.202727755124512,0.17009017604256,0.113743158341675,0.0835048721373436,0.489044209768786,0.00286709201556496,0.00286530174514611,1.19162145666879e-05,0.782352656382756,0.242365885399443,0.683062388940807,0.015789455358067,0.416592270779258,0.100893572778365,0.0301936844653497,0.689299186242136,0.797986065757216,0.728489782503329,0.00192829476732241,0.506539034144562
"1303",845,"Xe Pian","KBA",NA,NA,4,0.0506921704682253,0.532327578587563,0.596590899384201,0.576086942199906,0.455621273938028,0.114224137931034,0.0419645897173987,0.0669672950419563,0.180132753490501,0.149889430575239,0.236074628035676,0.129440084100331,0.140710309788904,0.356434131559857,0.287028238858858,0.197907448522843,0.289076330824593,0.224751540677551,0.52665765385923,0.526614355167397,0.188043845643261,0.927363275548671,0.31316831486104,0.484931833121345,0.000214193743622329,0.128919421509068,0.172532310701886,0.369469364579489,0.888656437462758,0.744999523255282,0.87459149426621,0.41711866428108,0.143127209522
"1306",1162,"Xishuangbanna","KBA",NA,NA,4,0.0655086129811864,0.756465522106737,0.897727281241929,0.684782583820889,0.443786962868247,0.086566091954023,0.107933265236636,0.218056298086981,0.0373083085374228,0.182821935958233,0.344559506682692,0.275788799643151,0.0281191885686083,0.392241486637685,0.257357401729218,0.204154808217369,0.409395676885151,0.303343029500043,0.407673268483045,0.407668089150299,0.298095237222311,1,0.258339899905049,0.518661205176398,0.0368342544543594,0.160421931337229,0.0273702227005226,0.480040579167449,0.917440165434312,0.685234978713131,0.92318885986826,0.374147265851424,0.178128443303254
